Workbook

Sheet website_sc_desc
A1: attribute | B1: vars | C1: n | D1: mean | E1: sd | F1: median | G1: trimmed | H1: mad | I1: min | J1: max | K1: range | L1: skew | M1: kurtosis | N1: se
A2: people_hs | B2: 1 | C2: 4478 | D2: 29240.189 | E2: 12896.286 | F2: 29652.5 | G2: 28731.357 | H2: 12523.522 | I2: 1632 | J2: 83258 | K2: 81626 | L2: 0.27091915 | M2: -0.47141867 | N2: 192.71815
A3: people_ls | B3: 2 | C3: 4325 | D3: 9856.4375 | E3: 10081.406 | F3: 7819 | G3: 8129.9873 | H3: 8753.2704 | I3: 0 | J3: 44590 | K3: 44590 | L3: 1.395766 | M3: 1.5100522 | N3: 153.29502
A4: people_score | B4: 3 | C4: 4478 | D4: 45.065984 | E4: 29.484336 | F4: 46.637483 | G4: 45.375975 | H4: 38.054693 | I4: 0 | J4: 93.46352 | K4: 93.46352 | L4: -0.13719862 | M4: -1.2703875 | N4: 0.44060489
A5: schools_hs | B5: 4 | C5: 4431 | D5: 8.1798691 | E5: 4.5332891 | F5: 8 | G5: 8.0668547 | H5: 5.9304 | I5: 1 | J5: 21 | K5: 20 | L5: 0.14255631 | M5: -0.97725961 | N5: 0.068102419
A6: schools_ls | B6: 5 | C6: 2777 | D6: 4.4602089 | E6: 2.6635179 | F6: 4 | G6: 4.3108412 | H6: 2.9652 | I6: 1 | J6: 14 | K6: 13 | L6: 0.39885548 | M6: -0.85271167 | N6: 0.050543775
A7: schools_score | B7: 6 | C7: 4431 | D7: 42.496191 | E7: 36.471861 | F7: 50 | G7: 41.943223 | H7: 49.42 | I7: 0 | J7: 100 | K7: 100 | L7: -0.07733148 | M7: -1.7309363 | N7: 0.54790726
A8: colleges_hs | B8: 7 | C8: 2397 | D8: 1.6020025 | E8: 0.56627181 | F8: 2 | G8: 1.5768629 | H8: 0 | I8: 1 | J8: 3 | K8: 2 | L8: 0.2630012 | M8: -0.80955441 | N8: 0.011566206
A9: colleges_ls | B9: 8 | C9: 997 | D9: 1.1454363 | E9: 0.35271713 | F9: 1 | G9: 1.057572 | H9: 0 | I9: 1 | J9: 2 | K9: 1 | L9: 2.008454 | M9: 2.0359325 | N9: 0.011170664
A10: colleges_score | B10: 9 | C10: 2397 | D10: 34.359616 | E10: 41.829719 | F10: 0 | G10: 30.463783 | H10: 0 | I10: 0 | J10: 100 | K10: 100 | L10: 0.50091508 | M10: -1.5470565 | N10: 0.85437972
A11: universities_hs | B11: 10 | C11: 1661 | D11: 1 | E11: 0 | F11: 1 | G11: 1 | H11: 0 | I11: 1 | J11: 1 | K11: 0 | L11: #NUM! | M11: #NUM! | N11: 0
A12: universities_ls | B12: 11 | C12: 663 | D12: 1 | E12: 0 | F12: 1 | G12: 1 | H12: 0 | I12: 1 | J12: 1 | K12: 0 | L12: #NUM! | M12: #NUM! | N12: 0
A13: universities_score | B13: 12 | C13: 1661 | D13: 39.915713 | E13: 48.987263 | F13: 0 | G13: 37.396539 | H13: 0 | I13: 0 | J13: 100 | K13: 100 | L13: 0.41146268 | M13: -1.8318002 | N13: 1.2019831
A14: doctors_hs | B14: 13 | C14: 3606 | D14: 3.9614531 | E14: 2.7904952 | F14: 3 | G14: 3.6514207 | H14: 2.9652 | I14: 1 | J14: 12 | K14: 11 | L14: 0.64895791 | M14: -0.73352138 | N14: 0.046469544
A15: doctors_ls | B15: 14 | C15: 1676 | D15: 2.4701671 | E15: 1.8610715 | F15: 2 | G15: 2.1304024 | H15: 1.4826 | I15: 1 | J15: 7 | K15: 6 | L15: 1.2587414 | M15: 0.41333163 | N15: 0.045459646
A16: doctors_score | B16: 15 | C16: 3606 | D16: 31.340227 | E16: 36.613884 | F16: 0 | G16: 26.961835 | H16: 0 | I16: 0 | J16: 100 | K16: 100 | L16: 0.58157305 | M16: -1.2281585 | N16: 0.60972351
A17: dentists_hs | B17: 16 | C17: 3272 | D17: 4.2182152 | E17: 3.3359806 | F17: 3 | G17: 3.6470588 | H17: 2.9652 | I17: 1 | J17: 15 | K17: 14 | L17: 1.2837092 | M17: 0.81137157 | N17: 0.058319912
A18: dentists_ls | B18: 17 | C18: 1758 | D18: 2.0819113 | E18: 1.4967627 | F18: 2 | G18: 1.7698864 | H18: 1.4826 | I18: 1 | J18: 10 | K18: 9 | L18: 2.1614848 | M18: 5.6700827 | N18: 0.03569797
A19: dentists_score | B19: 18 | C19: 3272 | D19: 32.984345 | E19: 34.159753 | F19: 40 | G19: 29.220028 | H19: 59.304 | I19: 0 | J19: 100 | K19: 100 | L19: 0.45542478 | M19: -1.1224317 | N19: 0.59718387
A20: hospitals_hs | B20: 19 | C20: 1784 | D20: 2.2976457 | E20: 1.6046326 | F20: 1 | G20: 2.122549 | H20: 0 | I20: 1 | J20: 5 | K20: 4 | L20: 0.81191044 | M20: -0.98356989 | N20: 0.037990778
A21: hospitals_ls | B21: 20 | C21: 761 | D21: 1.9894875 | E21: 0.88251726 | F21: 2 | G21: 1.9047619 | H21: 1.4826 | I21: 1 | J21: 5 | K21: 4 | L21: 1.0527758 | M21: 1.7112317 | N21: 0.031991226
A22: hospitals_score | B22: 21 | C22: 1784 | D22: 37.436939 | E22: 44.105741 | F22: 0 | G22: 34.304972 | H22: 0 | I22: 0 | J22: 100 | K22: 100 | L22: 0.38816071 | M22: -1.7382684 | N22: 1.0442337
A23: pharmacies_hs | B23: 22 | C23: 3987 | D23: 3.9044394 | E23: 2.520194 | F23: 4 | G23: 3.5377625 | H23: 1.4826 | I23: 1 | J23: 13 | K23: 12 | L23: 1.1264763 | M23: 0.73574726 | N23: 0.039912676
A24: pharmacies_ls | B24: 23 | C24: 2277 | D24: 2.2125604 | E24: 1.795464 | F24: 1 | G24: 1.8080088 | H24: 0 | I24: 1 | J24: 8 | K24: 7 | L24: 1.6030707 | M24: 1.4722531 | N24: 0.037626618
... A47: recreation_score | B47: 46 | C47: 4478 | D47: 36.021768 | E47: 18.713108 | F47: 42.6875 | G47: 37.727973 | H47: 15.103988 | I47: 0 | J47: 63.235294 | K47: 63.235294 | L47: -0.81820917 | M47: -0.53195426 | N47: 0.27964296

Sheet pybna_sc_desc
A1: attribute | B1: vars | C1: n | D1: mean | E1: sd | F1: median | G1: trimmed | H1: mad | I1: min | J1: max | K1: range | L1: skew | M1: kurtosis | N1: se
A2: people_hs | B2: 1 | C2: 4336 | D2: 20356.142 | E2: 11711.245 | F2: 18940.5 | G2: 19288.738 | H2: 9900.0615 | I2: 0 | J2: 54527 | K2: 54527 | L2: 0.75295651 | M2: 0.21281991 | N2: 177.85187
A3: people_ls | B3: 2 | C3: 4336 | D3: 7111.2442 | E3: 7299.4893 | F3: 5486 | G3: 5873.9738 | H3: 6157.9791 | I3: 0 | J3: 38182 | K3: 38182 | L3: 1.6140805 | M3: 2.9210162 | N3: 110.8531
A4: people_score | B4: 3 | C4: 4334 | D4: 49.530675 | E4: 29.538294 | F4: 53.670559 | G4: 50.761176 | H4: 37.390616 | I4: 0 | J4: 100 | K4: 100 | L4: -0.33688024 | M4: -1.1317388 | N4: 0.44868439
A5: schools_hs | B5: 4 | C5: 4043 | D5: 6.2807321 | E5: 3.6732706 | F5: 6 | G5: 6.150541 | H5: 4.4478 | I5: 1 | J5: 16 | K5: 15 | L5: 0.22762092 | M5: -1.0139923 | N5: 0.057769824
A6: schools_ls | B6: 5 | C6: 2742 | D6: 3.3694384 | E6: 2.2566743 | F6: 3 | G6: 3.0834093 | H6: 2.9652 | I6: 1 | J6: 13 | K6: 12 | L6: 0.88563586 | M6: 0.0072242413 | N6: 0.043095821
A7: schools_score | B7: 6 | C7: 4043 | D7: 43.503096 | E7: 35.249875 | F7: 50 | G7: 42.582349 | H7: 46.33125 | I7: 0 | J7: 100 | K7: 100 | L7: -0.030184323 | M7: -1.5125881 | N7: 0.55437764
A8: colleges_hs | B8: 7 | C8: 1882 | D8: 1.466525 | E8: 0.51783249 | F8: 1 | G8: 1.4462151 | H8: 0 | I8: 1 | J8: 3 | K8: 2 | L8: 0.34046787 | M8: -1.4027664 | N8: 0.011936568
A9: colleges_ls | B9: 8 | C9: 586 | D9: 1.1365188 | E9: 0.34363193 | F9: 1 | G9: 1.0468085 | H9: 0 | I9: 1 | J9: 2 | K9: 1 | L9: 2.1119164 | M9: 2.4644051 | N9: 0.014195304
A10: colleges_score | B10: 9 | C10: 1882 | D10: 26.370882 | E10: 40.110912 | F10: 0 | G10: 20.471448 | H10: 0 | I10: 0 | J10: 100 | K10: 100 | L10: 0.95200424 | M10: -0.91750468 | N10: 0.92459752
A11: universities_hs | B11: 10 | C11: 1194 | D11: 1 | E11: 0 | F11: 1 | G11: 1 | H11: 0 | I11: 1 | J11: 1 | K11: 0 | L11: #NUM! | M11: #NUM! | N11: 0
A12: universities_ls | B12: 11 | C12: 529 | D12: 1 | E12: 0 | F12: 1 | G12: 1 | H12: 0 | I12: 1 | J12: 1 | K12: 0 | L12: #NUM! | M12: #NUM! | N12: 0
A13: universities_score | B13: 12 | C13: 1194 | D13: 44.304858 | E13: 49.695409 | F13: 0 | G13: 42.887029 | H13: 0 | I13: 0 | J13: 100 | K13: 100 | L13: 0.22900999 | M13: -1.9491848 | N13: 1.4381829
A14: doctors_hs | B14: 13 | C14: 3094 | D14: 3.2252747 | E14: 2.3791844 | F14: 2 | G14: 2.8824717 | H14: 1.4826 | I14: 1 | J14: 10 | K14: 9 | L14: 0.97242791 | M14: -0.14774439 | N14: 0.042772826
A15: doctors_ls | B15: 14 | C15: 1391 | D15: 2.1063983 | E15: 1.4672082 | F15: 2 | G15: 1.8185085 | H15: 1.4826 | I15: 1 | J15: 7 | K15: 6 | L15: 1.3686871 | M15: 0.95302025 | N15: 0.039339442
A16: doctors_score | B16: 15 | C16: 3094 | D16: 30.74312 | E16: 37.259051 | F16: 0 | G16: 25.936678 | H16: 0 | I16: 0 | J16: 100 | K16: 100 | L16: 0.67092243 | M16: -1.1057771 | N16: 0.66984086
A17: dentists_hs | B17: 16 | C17: 2896 | D17: 3.2634669 | E17: 2.5789084 | F17: 3 | G17: 2.7605695 | H17: 1.4826 | I17: 1 | J17: 13 | K17: 12 | L17: 1.6378379 | M17: 2.2941513 | N17: 0.047922188
A18: dentists_ls | B18: 17 | C18: 1460 | D18: 1.7684932 | E18: 1.2144184 | F18: 1 | G18: 1.4811644 | H18: 0 | I18: 1 | J18: 7 | K18: 6 | L18: 2.186131 | M18: 5.0865103 | N18: 0.031782781
A19: dentists_score | B19: 18 | C19: 2896 | D19: 31.774566 | E19: 35.665773 | F19: 40 | G19: 27.230001 | H19: 59.304 | I19: 0 | J19: 100 | K19: 100 | L19: 0.64090282 | M19: -0.9436891 | N19: 0.662754
A20: hospitals_hs | B20: 19 | C20: 0 | D20: #NUM! | G20: #NUM! | I20: #NUM! | J20: #NUM! | K20: #NUM!
A21: hospitals_ls | B21: 20 | C21: 0 | D21: #NUM! | G21: #NUM! | I21: #NUM! | J21: #NUM! | K21: #NUM!
A22: hospitals_score | B22: 21 | C22: 0 | D22: #NUM! | G22: #NUM! | I22: #NUM! | J22: #NUM! | K22: #NUM!
A23: pharmacies_hs | B23: 22 | C23: 3363 | D23: 3.1236991 | E23: 2.3096506 | F23: 2 | G23: 2.7090301 | H23: 1.4826 | I23: 1 | J23: 11 | K23: 10 | L23: 1.3361261 | M23: 1.0705707 | N23: 0.039827482
A24: pharmacies_ls | B24: 23 | C24: 1730 | D24: 1.9277457 | E24: 1.4417489 | F24: 1 | G24: 1.591763 | H24: 0 | I24: 1 | J24: 7 | K24: 6 | L24: 1.8436713 | M24: 2.7425628 | N24: 0.034663034
A25: pharmacies_score | B25: 24 | C25: 3363 | D25: 32.147254 | E25: 35.380444 | F25: 40 | G25: 27.729734 | H25: 59.304 | I25: 0 | J25: 100 | K25: 100 | L25: 0.59957938 | M25: -1.0039129 | N25: 0.61009833
A26: supermarkets_hs | B26: 25 | C26: 3928 | D26: 3.6387475 | E26: 2.2764381 | F26: 3 | G26: 3.355598 | H26: 2.9652 | I26: 1 | J26: 11 | K26: 10 | L26: 0.94369404 | M26: 0.50387989 | N26: 0.036322029
A27: supermarkets_ls | B27: 26 | C27: 2242 | D27: 1.9634255 | E27: 1.370467 | F27: 1 | G27: 1.6761427 | H27: 0 | I27: 1 | J27: 8 | K27: 7 | L27: 1.574448 | M27: 1.8552911 | N27: 0.028943482
A28: supermarkets_score | B28: 27 | C28: 3928 | D28: 43.007623 | E28: 39.132044 | F28: 60 | G28: 41.329938 | H28: 59.304 | I28: 0 | J28: 100 | K28: 100 | L28: -0.0093350436 | M28: -1.6718766 | N28: 0.62437685
A29: social_services_hs | B29: 28 | C29: 2937 | D29: 2.9550562 | E29: 1.6811654 | F29: 2 | G29: 2.7358571 | H29: 1.4826 | I29: 1 | J29: 8 | K29: 7 | L29: 1.0441364 | M29: 0.50569398 | N29: 0.031021192
A30: social_services_ls | B30: 29 | C30: 1787 | D30: 1.8164522 | E30: 1.0319087 | F30: 1 | G30: 1.6512928 | H30: 0 | I30: 1 | J30: 6 | K30: 5 | L30: 1.1724826 | M30: 0.75565952 | N30: 0.02441063
A31: social_services_score | B31: 30 | C31: 2937 | D31: 49.950289 | E31: 41.182782 | F31: 70 | G31: 49.937899 | H31: 44.478 | I31: 0 | J31: 100 | K31: 100 | L31: -0.27916333 | M31: -1.7067555 | N31: 0.75991272
A32: parks_hs | B32: 31 | C32: 4258 | D32: 19.883748 | E32: 10.018909 | F32: 19 | G32: 19.343603 | H32: 10.3782 | I32: 1 | J32: 64 | K32: 63 | L32: 0.66703156 | M32: 0.85872141 | N32: 0.15353861
A33: parks_ls | B33: 32 | C33: 3511 | D33: 8.5163771 | E33: 6.4232663 | F33: 7 | G33: 7.8031328 | H33: 5.9304 | I33: 1 | J33: 41 | K33: 40 | L33: 1.5922127 | M33: 4.3718861 | N33: 0.1084028
A34: parks_score | B34: 33 | C34: 4258 | D34: 60.626001 | E34: 32.300992 | F34: 76 | G34: 64.127684 | H34: 14.23296 | I34: 0 | J34: 100 | K34: 100 | L34: -0.99378038 | M34: -0.55878117 | N34: 0.49500893
A35: community_centers_hs | B35: 34 | C35: 0 | D35: #NUM! | G35: #NUM! | I35: #NUM! | J35: #NUM! | K35: #NUM!
A36: community_centers_ls | B36: 35 | C36: 0 | D36: #NUM! | G36: #NUM! | I36: #NUM! | J36: #NUM! | K36: #NUM!
A37: community_centers_score | B37: 36 | C37: 0 | D37: #NUM! | G37: #NUM! | I37: #NUM! | J37: #NUM! | K37: #NUM!
A38: retail_hs | B38: 37 | C38: 3718 | D38: 11.561323 | E38: 9.5637914 | F38: 9 | G38: 9.9969758 | H38: 7.413 | I38: 1 | J38: 51 | K38: 50 | L38: 1.4963805 | M38: 2.2034359 | N38: 0.15684671
A39: retail_ls | B39: 38 | C39: 2540 | D39: 4.896063 | E39: 3.9396071 | F39: 4 | G39: 4.3233268 | H39: 4.4478 | I39: 1 | J39: 29 | K39: 28 | L39: 1.4002301 | M39: 2.5887283 | N39: 0.07816927
A40: retail_score | B40: 39 | C40: 3718 | D40: 48.494143 | E40: 36.426484 | F40: 60 | G40: 48.605203 | H40: 34.594 | I40: 0 | J40: 100 | K40: 100 | L40: -0.29954068 | M40: -1.502103 | N40: 0.59739635
A41: transit_hs | B41: 40 | C41: 1052 | D41: 1 | E41: 0 | F41: 1 | G41: 1 | H41: 0 | I41: 1 | J41: 1 | K41: 0 | L41: #NUM! | M41: #NUM! | N41: 0
A42: transit_ls | B42: 41 | C42: 182 | D42: 1 | E42: 0 | F42: 1 | G42: 1 | H42: 0 | I42: 1 | J42: 1 | K42: 0 | L42: #NUM! | M42: #NUM! | N42: 0
A43: transit_score | B43: 42 | C43: 1052 | D43: 17.30038 | E43: 37.843047 | F43: 0 | G43: 9.1448931 | H43: 0 | I43: 0 | J43: 100 | K43: 100 | L43: 1.7265278 | M43: 0.98183435 | N43: 1.1667511
A44: overall_score | B44: 43 | C44: 4335 | D44: 43.937458 | E44: 27.817175 | F44: 48.020907 | G44: 44.17947 | H44: 33.283265 | I44: 0 | J44: 100 | K44: 100 | L44: -0.17421041 | M44: -1.1574637 | N44: 0.42249199
A45: opportunity_score | B45: 44 | C45: 4047 | D45: 25.914281 | E45: 22.014767 | F45: 25.277778 | G45: 24.701462 | H45: 37.147367 | I45: 0 | J45: 65 | K45: 65 | L45: 0.20511928 | M45: -1.3277506 | N45: 0.34605688
A46: core_services_score | B46: 45 | C46: 4133 | D46: 36.705272 | E46: 30.750565 | F46: 37.5 | G46: 34.936674 | H46: 46.473808 | I46: 0 | J46: 100 | K46: 100 | L46: 0.19306237 | M46: -1.2836177 | N46: 0.47832204
A47: recreation_score | B47: 46 | C47: 4258 | D47: 39.406901 | E47: 20.995645 | F47: 49.4 | G47: 41.682994 | H47: 9.251424 | I47: 0 | J47: 65 | K47: 65 | L47: -0.99378038 | M47: -0.55878117 | N47: 0.32175581

Sheet website_nulls
A1: attribute | B1: website_scores_nas | C1: website_scores_not_nas | D1: total | E1: na_percent | F1: not_na_percent
A2: blockid10 | B2: 0 | C2: 4489 | D2: 4489 | E2: 0 | F2: 100
A3: people_hs | B3: 11 | C3: 4478 | D3: 4489 | E3: 0.25 | F3: 99.75
A4: people_ls | B4: 164 | C4: 4325 | D4: 4489 | E4: 3.65 | F4: 96.35
A5: people_score | B5: 11 | C5: 4478 | D5: 4489 | E5: 0.25 | F5: 99.75
A6: schools_hs | B6: 58 | C6: 4431 | D6: 4489 | E6: 1.29 | F6: 98.71
A7: schools_ls | B7: 1712 | C7: 2777 | D7: 4489 | E7: 38.14 | F7: 61.86
A8: schools_score | B8: 58 | C8: 4431 | D8: 4489 | E8: 1.29 | F8: 98.71
A9: colleges_hs | B9: 2092 | C9: 2397 | D9: 4489 | E9: 46.6 | F9: 53.4
A10: colleges_ls | B10: 3492 | C10: 997 | D10: 4489 | E10: 77.79 | F10: 22.21
A11: colleges_score | B11: 2092 | C11: 2397 | D11: 4489 | E11: 46.6 | F11: 53.4
A12: universities_hs | B12: 2828 | C12: 1661 | D12: 4489 | E12: 63 | F12: 37
A13: universities_ls | B13: 3826 | C13: 663 | D13: 4489 | E13: 85.23 | F13: 14.77
... A49: geom | B49: 0 | C49: 4489 | D49: 4489 | E49: 0 | F49: 100

Sheet pybna_score_nulls
A1: attribute | B1: new_scores_nas | C1: new_scores_not_nas | D1: total | E1: na_percent | F1: not_na_percent
A2: blockid10 | B2: 0 | C2: 4489 | D2: 4489 | E2: 0 | F2: 100
A3: people_hs | B3: 153 | C3: 4336 | D3: 4489 | E3: 3.41 | F3: 96.59
A4: people_ls | B4: 153 | C4: 4336 | D4: 4489 | E4: 3.41 | F4: 96.59
A5: people_score | B5: 155 | C5: 4334 | D5: 4489 | E5: 3.45 | F5: 96.55
A6: schools_hs | B6: 446 | C6: 4043 | D6: 4489 | E6: 9.94 | F6: 90.06
A7: schools_ls | B7: 1747 | C7: 2742 | D7: 4489 | E7: 38.92 | F7: 61.08
A8: schools_score | B8: 446 | C8: 4043 | D8: 4489 | E8: 9.94 | F8: 90.06
A9: colleges_hs | B9: 2607 | C9: 1882 | D9: 4489 | E9: 58.08 | F9: 41.92
A10: colleges_ls | B10: 3903 | C10: 586 | D10: 4489 | E10: 86.95 | F10: 13.05
A11: colleges_score | B11: 2607 | C11: 1882 | D11: 4489 | E11: 58.08 | F11: 41.92
A12: universities_hs | B12: 3295 | C12: 1194 | D12: 4489 | E12: 73.4 | F12: 26.6
A13: universities_ls | B13: 3960 | C13: 529 | D13: 4489 | E13: 88.22 | F13: 11.78
... A49: geom | B49: 0 | C49: 4489 | D49: 4489 | E49: 0 | F49: 100

Sheet null_delta
A1: attribute | B1: website_score_null_percent | C1: pybna_score_null_percents | D1: difference
A2: blockid10 | B2: =VLOOKUP(A2, website_nulls!$A$1:$F$49, 5, FALSE) -> 0 | C2: =VLOOKUP(A2, pybna_score_nulls!$A$1:$E$49, 5, FALSE) -> 0 | D2: =C2-B2 -> 0
A3: people_hs | B3: =VLOOKUP(A3, website_nulls!$A$1:$F$49, 5, FALSE) -> 0.25 | C3: =VLOOKUP(A3, pybna_score_nulls!$A$1:$E$49, 5, FALSE) -> 3.41 | D3: =C3-B3 -> 3.16
A4: people_ls | B4: =VLOOKUP(A4, website_nulls!$A$1:$F$49, 5, FALSE) -> 3.65 | C4: =VLOOKUP(A4, pybna_score_nulls!$A$1:$E$49, 5, FALSE) -> 3.41 | D4: =C4-B4 -> -0.24
A5: people_score | B5: =VLOOKUP(A5, website_nulls!$A$1:$F$49, 5, FALSE) -> 0.25 | C5: =VLOOKUP(A5, pybna_score_nulls!$A$1:$E$49, 5, FALSE) -> 3.45 | D5: =C5-B5 -> 3.2
A6: schools_hs | B6: =VLOOKUP(A6, website_nulls!$A$1:$F$49, 5, FALSE) -> 1.29 | C6: =VLOOKUP(A6, pybna_score_nulls!$A$1:$E$49, 5, FALSE) -> 9.94 | D6: =C6-B6 -> 8.65
A7: schools_ls | B7: =VLOOKUP(A7, website_nulls!$A$1:$F$49, 5, FALSE) -> 38.14 | C7: =VLOOKUP(A7, pybna_score_nulls!$A$1:$E$49, 5, FALSE) -> 38.92 | D7: =C7-B7 -> 0.78
A8: schools_score | B8: =VLOOKUP(A8, website_nulls!$A$1:$F$49, 5, FALSE) -> 1.29 | C8: =VLOOKUP(A8, pybna_score_nulls!$A$1:$E$49, 5, FALSE) -> 9.94 | D8: =C8-B8 -> 8.65
A9: colleges_hs | B9: =VLOOKUP(A9, website_nulls!$A$1:$F$49, 5, FALSE) -> 46.6 | C9: =VLOOKUP(A9, pybna_score_nulls!$A$1:$E$49, 5, FALSE) -> 58.08 | D9: =C9-B9 -> 11.48
A10: colleges_ls | B10: =VLOOKUP(A10, website_nulls!$A$1:$F$49, 5, FALSE) -> 77.79 | C10: =VLOOKUP(A10, pybna_score_nulls!$A$1:$E$49, 5, FALSE) -> 86.95 | D10: =C10-B10 -> 9.16
A11: colleges_score | B11: =VLOOKUP(A11, website_nulls!$A$1:$F$49, 5, FALSE) -> 46.6 | C11: =VLOOKUP(A11, pybna_score_nulls!$A$1:$E$49, 5, FALSE) -> 58.08 | D11: =C11-B11 -> 11.48
A12: universities_hs | B12: =VLOOKUP(A12, website_nulls!$A$1:$F$49, 5, FALSE) -> 63 | C12: =VLOOKUP(A12, pybna_score_nulls!$A$1:$E$49, 5, FALSE) -> 73.4 | D12: =C12-B12 -> 10.4
A13: universities_ls | B13: =VLOOKUP(A13, website_nulls!$A$1:$F$49, 5, FALSE) -> 85.23 | C13: =VLOOKUP(A13, pybna_score_nulls!$A$1:$E$49, 5, FALSE) -> 88.22 | D13: =C13-B13 -> 2.99
... A49: geom | B49: =VLOOKUP(A49, website_nulls!$A$1:$F$49, 5, FALSE) -> 0 | C49: =VLOOKUP(A49, pybna_score_nulls!$A$1:$E$49, 5, FALSE) -> 0 | D49: =C49-B49 -> 0

Sheet mean_score_comparison
A1: attribute | B1: mean_web_sc | C1: mean_pybna_sc | D1: difference | E1: direction
A2: colleges_score | B2: 34.359616 | C2: 26.370882 | D2: 7.99 | E2: lower
A3: community_centers_score | B3: 38.500302 | C3: #NUM! | D3: #NUM!
A4: core_services_score | B4: 37.335439 | C4: 36.705272 | D4: 0.63 | E4: lower
A5: dentists_score | B5: 32.984345 | C5: 31.774566 | D5: 1.21 | E5: lower
A6: doctors_score | B6: 31.340227 | C6: 30.74312 | D6: 0.6 | E6: lower
A7: hospitals_score | B7: 37.436939 | C7: #NUM! | D7: #NUM!
A8: opportunity_score | B8: 24.575887 | C8: 25.914281 | D8: 1.34 | E8: higher
A9: overall_score | B9: 41.667677 | C9: 43.937458 | D9: 2.27 | E9: higher
A10: parks_score | B10: 63.484242 | C10: 60.626001 | D10: 2.86 | E10: lower
A11: people_score | B11: 45.065984 | C11: 49.530675 | D11: 4.46 | E11: higher
A12: pharmacies_score | B12: 34.208616 | C12: 32.147254 | D12: 2.06 | E12: lower
A13: recreation_score | B13: 36.021768 | C13: 39.406901 | D13: 3.39 | E13: higher
A14: retail_score | B14: 46.435881 | C14: 48.494143 | D14: 2.06 | E14: higher
A15: schools_score | B15: 42.496191 | C15: 43.503096 | D15: 1.01 | E15: higher
A16: social_services_score | B16: 50.679991 | C16: 49.950289 | D16: 0.73 | E16: lower
A17: supermarkets_score | B17: 46.04018 | C17: 43.007623 | D17: 3.03 | E17: lower
A18: transit_score | B18: 22.451362 | C18: 17.30038 | D18: 5.15 | E18: lower
A19: universities_score | B19: 39.915713 | C19: 44.304858 | D19: 4.39 | E19: higher

Sheet min_mean_median_max_scores
A1: attribute | B1: min_webs_sc | C1: median_webs_sc | D1: mean_webs_sc | E1: max_webs_sc | F1: min_pybna_sc | G1: median_pybna_sc | H1: mean_pybna_sc | I1: max_pybna_sc
A2: colleges_score | B2: 0 | C2: 0 | D2: 34.359616 | E2: 100 | F2: 0 | G2: 0 | H2: 26.370882 | I2: 100
A3: community_centers_score | B3: 0 | C3: 40 | D3: 38.500302 | E3: 100 | F3: #NUM! | H3: #NUM! | I3: #NUM!
A4: core_services_score | B4: 0 | C4: 40 | D4: 37.335439 | E4: 100 | F4: 0 | G4: 37.5 | H4: 36.705272 | I4: 100
A5: dentists_score | B5: 0 | C5: 40 | D5: 32.984345 | E5: 100 | F5: 0 | G5: 40 | H5: 31.774566 | I5: 100
A6: doctors_score | B6: 0 | C6: 0 | D6: 31.340227 | E6: 100 | F6: 0 | G6: 0 | H6: 30.74312 | I6: 100
A7: hospitals_score | B7: 0 | C7: 0 | D7: 37.436939 | E7: 100 | F7: #NUM! | H7: #NUM! | I7: #NUM!
A8: opportunity_score | B8: 0 | C8: 25.277778 | D8: 24.575887 | E8: 65 | F8: 0 | G8: 25.277778 | H8: 25.914281 | I8: 65
A9: overall_score | B9: 0 | C9: 46.239678 | D9: 41.667677 | E9: 92.293701 | F9: 0 | G9: 48.020907 | H9: 43.937458 | I9: 100
A10: parks_score | B10: 0 | C10: 76.521739 | D10: 63.484242 | E10: 95.588235 | F10: 0 | G10: 76 | H10: 60.626001 | I10: 100
A11: people_score | B11: 0 | C11: 46.637483 | D11: 45.065984 | E11: 93.46352 | F11: 0 | G11: 53.670559 | H11: 49.530675 | I11: 100
A12: pharmacies_score | B12: 0 | C12: 40 | D12: 34.208616 | E12: 100 | F12: 0 | G12: 40 | H12: 32.147254 | I12: 100
A13: recreation_score | B13: 0 | C13: 42.6875 | D13: 36.021768 | E13: 63.235294 | F13: 0 | G13: 49.4 | H13: 39.406901 | I13: 65
A14: retail_score | B14: 0 | C14: 60 | D14: 46.435881 | E14: 100 | F14: 0 | G14: 60 | H14: 48.494143 | I14: 100
A15: schools_score | B15: 0 | C15: 50 | D15: 42.496191 | E15: 100 | F15: 0 | G15: 50 | H15: 43.503096 | I15: 100
A16: social_services_score | B16: 0 | C16: 70 | D16: 50.679991 | E16: 100 | F16: 0 | G16: 70 | H16: 49.950289 | I16: 100
A17: supermarkets_score | B17: 0 | C17: 60 | D17: 46.04018 | E17: 100 | F17: 0 | G17: 60 | H17: 43.007623 | I17: 100
A18: transit_score | B18: 0 | C18: 0 | D18: 22.451362 | E18: 100 | F18: 0 | G18: 0 | H18: 17.30038 | I18: 100
A19: universities_score | B19: 0 | C19: 0 | D19: 39.915713 | E19: 100 | F19: 0 | G19: 0 | H19: 44.304858 | I19: 100

Sheet website_raw
A1: blockid10 | B1: people_hs | C1: people_ls | D1: people_score | E1: schools_hs | F1: schools_ls | G1: schools_score | H1: colleges_hs | I1: colleges_ls | J1: colleges_score | K1: universities_hs | L1: universities_ls | M1: universities_score | N1: doctors_hs | O1: doctors_ls | P1: doctors_score | Q1: dentists_hs | R1: dentists_ls | S1: dentists_score | T1: hospitals_hs | U1: hospitals_ls | V1: hospitals_score | W1: pharmacies_hs | X1: pharmacies_ls | Y1: pharmacies_score | Z1: supermarkets_hs | AA1: supermarkets_ls | AB1: supermarkets_score | AC1: social_services_hs | AD1: social_services_ls | AE1: social_services_score | AF1: parks_hs | AG1: parks_ls | AH1: parks_score | AI1: community_centers_hs | AJ1: community_centers_ls | AK1: community_centers_score | AL1: retail_hs | AM1: retail_ls | AN1: retail_score | AO1: transit_hs | AP1: transit_ls | AQ1: transit_score | AR1: overall_score | AS1: opportunity_score | AT1: core_services_score | AU1: recreation_score
A2: 550250114013123 | B2: 7336 | C2: 4 | D2: 0.18175209 | E2: 2 | G2: 0 | AF2: 36 | AG2: 1 | AH2: 30 | AL2: 1 | AN2: 0 | AR2: 6.9650197 | AS2: 0 | AU2: 19.5
A3: 550250114023092 | B3: 4467 | C3: 14 | D3: 1.0446982 | T3: 1 | V3: 0 | AF3: 7 | AH3: 0 | AL3: 1 | AN3: 0 | AR3: 0.24108419 | AT3: 0 | AU3: 0
A4: 550250114013083 | B4: 6465 | D4: 0 | E4: 1 | G4: 0 | AF4: 30 | AH4: 0 | AL4: 1 | AN4: 0 | AR4: 0 | AS4: 0 | AU4: 0
A5: 550250114013085 | B5: 6546 | C5: 0 | D5: 0 | E5: 1 | G5: 0 | AF5: 27 | AH5: 0 | AL5: 1 | AN5: 0 | AR5: 0 | AS5: 0 | AU5: 0
A6: 550250109031042 | B6: 5538 | C6: 1630 | D6: 52.577344 | E6: 2 | F6: 1 | G6: 30 | AF6: 26 | AG6: 7 | AH6: 75.217391 | AR6: 50.338421 | AS6: 19.5 | AU6: 48.891304
A7: 550250109031043 | B7: 7804 | C7: 1875 | D7: 45.368187 | E7: 2 | F7: 1 | G7: 30 | Z7: 1 | AB7: 0 | AF7: 34 | AG7: 7 | AH7: 73.870968 | AR7: 34.122676 | AS7: 19.5 | AT7: 0 | AU7: 48.016129
A8: 550250109031045 | B8: 7853 | C8: 249 | D8: 10.301346 | E8: 2 | G8: 0 | Z8: 1 | AB8: 0 | AF8: 33 | AG8: 1 | AH8: 30 | AR8: 8.6360027 | AS8: 0 | AT8: 0 | AU8: 19.5
A9: 550250109031047 | B9: 5960 | C9: 1788 | D9: 53.333333 | E9: 2 | F9: 1 | G9: 30 | AF9: 28 | AG9: 7 | AH9: 74.8 | AR9: 50.44 | AS9: 19.5 | AU9: 48.62
A10: 550250109031048 | B10: 4813 | C10: 338 | D10: 17.098789 | E10: 2 | G10: 0 | AF10: 20 | AG10: 2 | AH10: 50 | AR10: 20.129637 | AS10: 0 | AU10: 32.5
A11: 550250109031049 | B11: 5758 | C11: 166 | D11: 9.6098182 | E11: 2 | G11: 0 | AF11: 28 | AG11: 2 | AH11: 50 | AR11: 17.882945 | AS11: 0 | AU11: 32.5
A12: 550250109031051 | B12: 7082 | C12: 2290 | D12: 56.447331 | E12: 2 | F12: 1 | G12: 30 | AF12: 29 | AG12: 7 | AH12: 74.615385 | AR12: 51.318815 | AS12: 19.5 | AU12: 48.5
A13: 550250109031052 | B13: 6524 | C13: 2174 | D13: 57.764153 | E13: 2 | F13: 1 | G13: 30 | AF13: 29 | AG13: 7 | AH13: 74.615385 | AR13: 51.713861 | AS13: 19.5 | AU13: 48.5
A14: 550250109031053 | B14: 5477 | C14: 1788 | D14: 56.860812 | E14: 2 | F14: 1 | G14: 30 | AF14: 26 | AG14: 7 | AH14: 75.217391 | AR14: 51.623461 | AS14: 19.5 | AU14: 48.891304
A15: 550250109031054 | B15: 6992 | C15: 2202 | D15: 55.32418 | E15: 2 | F15: 1 | G15: 30 | AF15: 29 | AG15: 7 | AH15: 74.615385 | AR15: 50.981869 | AS15: 19.5 | AU15: 48.5
A16: 550250109031055 | B16: 6692 | C16: 2254 | D16: 58.242678 | E16: 2 | F16: 1 | G16: 30 | AF16: 29 | AG16: 7 | AH16: 74.615385 | AR16: 51.857419 | AS16: 19.5 | AU16: 48.5
A17: 550250109031056 | B17: 4651 | C17: 166 | D17: 11.004338 | E17: 2 | G17: 0 | AF17: 17 | AG17: 2 | AH17: 50 | AR17: 18.301301 | AS17: 0 | AU17: 32.5
A18: 550250114013109 | B18: 6928 | C18: 2 | D18: 0.096227868 | E18: 2 | G18: 0 | AF18: 37 | AG18: 1 | AH18: 30 | AL18: 2 | AN18: 0 | AR18: 6.9452834 | AS18: 0 | AU18: 19.5
A19: 550250114013110 | B19: 8093 | C19: 48 | D19: 1.9770172 | E19: 2 | G19: 0 | AF19: 40 | AH19: 0 | AL19: 2 | AN19: 0 | AR19: 0.45623473 | AS19: 0 | AU19: 0
A20: 550250114013111 | B20: 6984 | C20: 48 | D20: 2.2909507 | E20: 2 | G20: 0 | AF20: 40 | AH20: 0 | AL20: 2 | AN20: 0 | AR20: 0.52868094 | AS20: 0 | AU20: 0
A21: 550250114013112 | B21: 6625 | D21: 0 | E21: 2 | G21: 0 | AF21: 37 | AH21: 0 | AL21: 2 | AN21: 0 | AR21: 0 | AS21: 0 | AU21: 0
A22: 550250114013113 | B22: 6764 | C22: 48 | D22: 2.3654642 | E22: 2 | G22: 0 | AF22: 39 | AH22: 0 | AL22: 1 | AN22: 0 | AR22: 0.54587636 | AS22: 0 | AU22: 0
A23: 550250114013120 | B23: 2818 | D23: 0 | E23: 1 | G23: 0 | AF23: 23 | AH23: 0 | AL23: 1 | AN23: 0 | AR23: 0 | AS23: 0 | AU23: 0
A24: 550250114013121 | B24: 7008 | C24: 2 | D24: 0.095129376 | E24: 2 | G24: 0 | AF24: 37 | AG24: 1 | AH24: 30 | AL24: 1 | AN24: 0 | AR24: 6.9450299 | AS24: 0 | AU24: 19.5
A25: 550250114013122 | B25: 7008 | C25: 2 | D25: 0.095129376 | E25: 2 | G25: 0 | AF25: 37 | AG25: 1 | AH25: 30 | AL25: 1 | AN25: 0 | AR25: 6.9450299 | AS25: 0 | AU25: 19.5
A26: 550250112004007 | B26: 2228 | C26: 45 | D26: 6.7324955 | T26: 1 | V26: 0 | AF26: 5 | AH26: 0 | AR26: 2.0197487 | AT26: 0 | AU26: 0
A27: 550250109031044
A28: 550250015022019 | B28: 7144 | C28: 557 | D28: 18.464857 | Z28: 2 | AB28: 0 | AF28: 24 | AG28: 6 | AH28: 74.285714 | AL28: 5 | AN28: 0 | AR28: 21.403978 | AT28: 0 | AU28: 48.285714
A29: 550250112004020 | B29: 1632 | C29: 20 | D29: 4.0849673 | T29: 1 | V29: 0 | AF29: 10 | AH29: 0 | AR29: 1.2254902 | AT29: 0 | AU29: 0
A30: 550250114013114 | B30: 7790 | C30: 48 | D30: 2.0539153 | E30: 2 | G30: 0 | AF30: 39 | AH30: 0 | AL30: 1 | AN30: 0 | AR30: 0.47398045 | AS30: 0 | AU30: 0
A31: 550250114013115 | B31: 3545 | D31: 0 | E31: 1 | G31: 0 | AF31: 27 | AH31: 0 | AL31: 1 | AN31: 0 | AR31: 0 | AS31: 0 | AU31: 0
A32: 550250114013117 | B32: 3829 | C32: 62 | D32: 5.3974058 | E32: 1 | G32: 0 | AF32: 29 | AH32: 0 | AL32: 1 | AN32: 0 | AR32: 1.2455552 | AS32: 0 | AU32: 0
A33: 550250114013118 | B33: 2669 | C33: 0 | D33: 0 | E33: 1 | G33: 0 | AF33: 18 | AH33: 0 | AL33: 1 | AN33: 0 | AR33: 0 | AS33: 0 | AU33: 0
A34: 550250105011016 | B34: 6991 | C34: 2 | D34: 0.095360702 | E34: 2 | G34: 0 | AF34: 37 | AG34: 1 | AH34: 30 | AL34: 2 | AN34: 0 | AR34: 6.9450832 | AS34: 0 | AU34: 19.5
A35: 550250114013119 | B35: 3902 | C35: 18 | D35: 1.537673 | E35: 1 | G35: 0 | AF35: 28 | AH35: 0 | AL35: 1 | AN35: 0 | AR35: 0.35484761 | AS35: 0 | AU35: 0
A36: 550250015023030 | B36: 10455 | C36: 709 | D36: 16.673137 | E36: 1 | G36: 0 | Z36: 1 | AB36: 0 | AF36: 29 | AG36: 5 | AH36: 72.307692 | AL36: 2 | AN36: 0 | AR36: 15.702499 | AS36: 0 | AT36: 0 | AU36: 47
A37: 550250114013088 | B37: 4770 | C37: 2 | D37: 0.1397624 | E37: 1 | G37: 0 | AF37: 34 | AH37: 0 | AL37: 1 | AM37: 1 | AN37: 100 | AR37: 23.109176 | AS37: 0 | AU37: 0
A38: 550250109011161 | B38: 9831 | C38: 872 | D38: 20.358649 | E38: 2 | F38: 1 | G38: 30 | Q38: 1 | S38: 0 | AF38: 35 | AG38: 9 | AH38: 75.625 | AR38: 29.139353 | AS38: 19.5 | AT38: 0 | AU38: 49.15625
A39: 550250005012001 | B39: 36478 | C39: 272 | D39: 2.4855164 | E39: 8 | G39: 0 | N39: 2 | P39: 0 | Q39: 5 | S39: 0 | W39: 3 | Y39: 0 | Z39: 5 | AB39: 0 | AC39: 3 | AE39: 0 | AF39: 60 | AH39: 0 | AI39: 3 | AK39: 0 | AL39: 8 | AN39: 0 | AO39: 1 | AQ39: 0 | AR39: 0.37282746 | AS39: 0 | AT39: 0 | AU39: 0
A40: 550250006001029 | B40: 33895 | C40: 12308 | D40: 61.749521 | E40: 8 | F40: 2 | G40: 50 | N40: 3 | P40: 0 | Q40: 3 | R40: 1 | S40: 40 | W40: 3 | Y40: 0 | Z40: 3 | AA40: 1 | AB40: 60 | AC40: 3 | AD40: 2 | AE40: 85 | AF40: 51 | AG40: 25 | AH40: 83.75 | AI40: 3 | AJ40: 2 | AK40: 60 | AL40: 6 | AM40: 2 | AN40: 60 | AR40: 55.755572 | AS40: 32.5 | AT40: 39.6875 | AU40: 48.5
A41: 550250007003023 | B41: 35447 | C41: 12782 | D41: 61.412625 | E41: 8 | F41: 2 | G41: 50 | N41: 5 | P41: 0 | Q41: 6 | R41: 1 | S41: 40 | W41: 4 | Y41: 0 | Z41: 5 | AA41: 1 | AB41: 60 | AC41: 3 | AD41: 2 | AE41: 85 | AF41: 59 | AG41: 26 | AH41: 82.321429 | AI41: 3 | AJ41: 2 | AK41: 60 | AL41: 9 | AM41: 3 | AN41: 70 | AR41: 57.305686 | AS41: 32.5 | AT41: 39.6875 | AU41: 47.928571
A42: 550250008002022 | B42: 40429 | C42: 7681 | D42: 38.233068 | E42: 15 | F42: 5 | G42: 75 | K42: 1 | M42: 0 | N42: 4 | O42: 2 | P42: 60 | Q42: 3 | R42: 2 | S42: 60 | T42: 3 | U42: 3 | V42: 100 | W42: 4 | X42: 1 | Y42: 40 | Z42: 5 | AA42: 1 | AB42: 60 | AC42: 2 | AD42: 1 | AE42: 70 | AF42: 96 | AG42: 19 | AH42: 75.16129 | AI42: 3 | AJ42: 1 | AK42: 40 | AL42: 19 | AM42: 3 | AN42: 70 | AR42: 57.089497 | AS42: 31.022727 | AT42: 67.5 | AU42: 40.064516
A43: 550250011012006 | B43: 54337 | C43: 17 | D43: 0.10428744 | E43: 12 | G43: 0 | H43: 1 | J43: 0 | K43: 1 | M43: 0 | N43: 9 | P43: 0 | Q43: 5 | S43: 0 | T43: 5 | V43: 0 | W43: 9 | Y43: 0 | Z43: 6 | AB43: 0 | AC43: 6 | AE43: 0 | AF43: 77 | AH43: 0 | AI43: 5 | AK43: 0 | AL43: 31 | AN43: 0 | AR43: 0.018403666 | AS43: 0 | AT43: 0 | AU43: 0
A44: 550250014021048 | B44: 22601 | C44: 0 | D44: 0 | E44: 5 | G44: 0 | H44: 2 | J44: 0 | N44: 7 | P44: 0 | Q44: 1 | S44: 0 | T44: 1 | V44: 0 | W44: 5 | Y44: 0 | Z44: 3 | AB44: 0 | AC44: 4 | AE44: 0 | AF44: 41 | AH44: 0 | AI44: 3 | AK44: 0 | AL44: 2 | AN44: 0 | AO44: 1 | AQ44: 0 | AR44: 0 | AS44: 0 | AT44: 0 | AU44: 0
A45: 550250029003012
A46: 550250018021019 | B46: 36058 | D46: 0 | E46: 10 | G46: 0 | H46: 2 | J46: 0 | K46: 1 | M46: 0 | N46: 2 | P46: 0 | Q46: 1 | S46: 0 | W46: 3 | Y46: 0 | Z46: 5 | AB46: 0 | AC46: 8 | AE46: 0 | AF46: 56 | AH46: 0 | AI46: 3 | AK46: 0 | AL46: 32 | AN46: 0 | AO46: 1 | AQ46: 0 | AR46: 0 | AS46: 0 | AT46: 0 | AU46: 0
A47: 550250018042008 | B47: 31553 | D47: 0 | E47: 10 | G47: 0 | H47: 2 | J47: 0 | K47: 1 | M47: 0 | N47: 1 | P47: 0 | Q47: 1 | S47: 0 | W47: 2 | Y47: 0 | Z47: 4 | AB47: 0 | AC47: 6 | AE47: 0 | AF47: 59 | AH47: 0 | AI47: 3 | AK47: 0 | AL47: 30 | AN47: 0 | AO47: 1 | AQ47: 0 | AR47: 0 | AS47: 0 | AT47: 0 | AU47: 0
A48: 550250024021029 | B48: 21344 | C48: 512 | D48: 7.996002 | E48: 8 | G48: 0 | H48: 2 | J48: 0 | K48: 1 | M48: 0 | N48: 1 | P48: 0 | W48: 2 | Y48: 0 | Z48: 2 | AB48: 0 | AC48: 3 | AE48: 0 | AF48: 36 | AG48: 1 | AH48: 30 | AI48: 2 | AK48: 0 | AL48: 18 | AN48: 0 | AO48: 1 | AQ48: 0 | AR48: 3.9686311 | AS48: 0 | AT48: 0 | AU48: 12
A49: 550250026021000 | B49: 10297 | C49: 14 | D49: 0.45320644 | E49: 2 | G49: 0 | N49: 2 | P49: 0 | T49: 1 | V49: 0 | W49: 1 | Y49: 0 | Z49: 2 | AB49: 0 | AF49: 26 | AH49: 0 | AL49: 10 | AN49: 0 | AR49: 0.079977606 | AS49: 0 | AT49: 0 | AU49: 0
A50: 550250026022007 | B50: 12624 | C50: 5584 | D50: 72.310942 | E50: 5 | F50: 1 | G50: 30 | H50: 1 | J50: 0 | K50: 1 | M50: 0 | N50: 1 | O50: 1 | P50: 100 | T50: 1 | V50: 0 | W50: 2 | Y50: 0 | Z50: 4 | AB50: 0 | AF50: 35 | AG50: 9 | AH50: 75.625 | AI50: 2 | AK50: 0 | AL50: 14 | AM50: 3 | AN50: 70 | AR50: 43.40178 | AS50: 10.5 | AT50: 26.666667 | AU50: 30.25
A51: 550250026032025 | B51: 16568 | D51: 0 | E51: 3 | G51: 0 | H51: 1 | J51: 0 | N51: 1 | P51: 0 | T51: 1 | V51: 0 | W51: 2 | Y51: 0 | Z51: 3 | AB51: 0 | AC51: 2 | AE51: 0 | AF51: 36 | AH51: 0 | AI51: 1 | AK51: 0 | AL51: 13 | AN51: 0 | AO51: 1 | AQ51: 0 | AR51: 0 | AS51: 0 | AT51: 0 | AU51: 0
A52: 550250030012000 | B52: 28754 | C52: 1026 | D52: 11.002704 | E52: 6 | G52: 0 | N52: 1 | P52: 0 | Q52: 4 | S52: 0 | W52: 1 | Y52: 0 | Z52: 2 | AB52: 0 | AC52: 2 | AE52: 0 | AF52: 40 | AG52: 1 | AH52: 30 | AL52: 3 | AN52: 0 | AR52: 7.2357714 | AS52: 0 | AT52: 0 | AU52: 19.5
A53: 550250030021006 | B53: 26848 | C53: 333 | D53: 4.1343862 | E53: 7 | G53: 0 | N53: 1 | P53: 0 | Q53: 3 | S53: 0 | W53: 3 | Y53: 0 | Z53: 5 | AB53: 0 | AC53: 2 | AE53: 0 | AF53: 50 | AG53: 1 | AH53: 30 | AI53: 1 | AK53: 0 | AL53: 10 | AN53: 0 | AO53: 1 | AQ53: 0 | AR53: 3.3893887 | AS53: 0 | AT53: 0 | AU53: 12
A54: 550250031004020 | B54: 23924 | C54: 3557 | D54: 30.94338 | E54: 9 | F54: 1 | G54: 30 | N54: 2 | P54: 0 | Q54: 4 | S54: 0 | W54: 3 | Y54: 0 | Z54: 2 | AB54: 0 | AC54: 3 | AE54: 0 | AF54: 35 | AG54: 2 | AH54: 50 | AL54: 3 | AN54: 0 | AR54: 21.342949 | AS54: 19.5 | AT54: 0 | AU54: 32.5
A55: 550250108003000 | B55: 20864 | C55: 597 | D55: 9.5379601 | T55: 1 | V55: 0 | AC55: 1 | AE55: 0 | AF55: 29 | AH55: 0 | AL55: 2 | AN55: 0 | AR55: 2.2010677 | AT55: 0 | AU55: 0
A56: 550250109031011 | B56: 6570 | C56: 1844 | D56: 50.755961 | E56: 2 | F56: 1 | G56: 30 | AF56: 29 | AG56: 7 | AH56: 74.615385 | AR56: 49.611404 | AS56: 19.5 | AU56: 48.5
A57: 550250114011043 | B57: 13208 | C57: 2343 | D57: 36.010439 | E57: 3 | G57: 0 | Q57: 3 | S57: 0 | Z57: 1 | AB57: 0 | AF57: 21 | AG57: 3 | AH57: 70 | AL57: 1 | AN57: 0 | AR57: 18.707725 | AS57: 0 | AT57: 0 | AU57: 45.5
A58: 550250114013127 | B58: 6914 | C58: 0 | D58: 0 | E58: 1 | G58: 0 | AF58: 31 | AH58: 0 | AL58: 1 | AN58: 0 | AR58: 0 | AS58: 0 | AU58: 0
A59: 550250114012036 | B59: 16631 | C59: 7217 | D59: 71.193153 | E59: 3 | F59: 1 | G59: 30 | Q59: 3 | R59: 2 | S59: 60 | Z59: 1 | AA59: 1 | AB59: 100 | AF59: 24 | AG59: 12 | AH59: 82.857143 | AL59: 1 | AM59: 1 | AN59: 100 | AR59: 72.731565 | AS59: 19.5 | AT59: 88.571429 | AU59: 53.857143
A60: 550250114013082 | B60: 8835 | C60: 2 | D60: 0.075457461 | E60: 2 | G60: 0 | N60: 1 | P60: 0 | AF60: 37 | AH60: 0 | AL60: 2 | AM60: 1 | AN60: 40 | AR60: 7.0721396 | AS60: 0 | AT60: 0 | AU60: 0
A61: 550250103001019
A62: 550250109044032
A63: 550250002043012 | B63: 28412 | D63: 0 | E63: 5 | G63: 0 | H63: 2 | J63: 0 | N63: 6 | P63: 0 | Q63: 11 | S63: 0 | W63: 4 | Y63: 0 | Z63: 9 | AB63: 0 | AF63: 47 | AH63: 0 | AI63: 1 | AK63: 0 | AL63: 13 | AN63: 0 | AO63: 1 | AQ63: 0 | AR63: 0 | AS63: 0 | AT63: 0 | AU63: 0
A64: 550250001001000 | B64: 40934 | C64: 7787 | D64: 38.276422 | E64: 16 | F64: 4 | G64: 72.307692 | H64: 1 | J64: 0 | N64: 5 | O64: 1 | P64: 40 | Q64: 9 | R64: 3 | S64: 70 | W64: 4 | X64: 3 | Y64: 70 | Z64: 6 | AA64: 2 | AB64: 80 | AC64: 1 | AE64: 0 | AF64: 113 | AG64: 30 | AH64: 77.363636 | AI64: 3 | AK64: 0 | AL64: 5 | AM64: 1 | AN64: 40 | AR64: 47.800689 | AS64: 36.555556 | AT64: 52.5 | AU64: 30.945455
A65: 550250001001001 | B65: 26857 | C65: 4396 | D65: 33.590892 | E65: 9 | F65: 2 | G65: 50 | N65: 1 | O65: 1 | P65: 100 | Q65: 6 | R65: 2 | S65: 60 | W65: 4 | Y65: 0 | Z65: 5 | AB65: 0 | AF65: 66 | AG65: 19 | AH65: 77.619048 | AL65: 2 | AM65: 1 | AN65: 40 | AR65: 47.860578 | AS65: 32.5 | AT65: 40 | AU65: 50.452381
A66: 550250001001002 | B66: 27063 | C66: 4609 | D66: 34.759939 | E66: 11 | F66: 2 | G66: 50 | N66: 2 | O66: 1 | P66: 40 | Q66: 7 | R66: 3 | S66: 70 | W66: 3 | X66: 2 | Y66: 60 | Z66: 3 | AB66: 0 | AF66: 59 | AG66: 19 | AH66: 78.571429 | AI66: 1 | AK66: 0 | AL66: 1 | AN66: 0 | AR66: 34.033267 | AS66: 32.5 | AT66: 32.307692 | AU66: 31.428571
A67: 550250001001003 | B67: 29940 | C67: 5229 | D67: 35.526347 | E67: 9 | F67: 2 | G67: 50 | H67: 1 | J67: 0 | N67: 2 | O67: 1 | P67: 40 | Q67: 7 | R67: 2 | S67: 60 | W67: 4 | Y67: 0 | Z67: 5 | AB67: 0 | AF67: 100 | AG67: 23 | AH67: 76.185567 | AI67: 3 | AK67: 0 | AL67: 3 | AM67: 1 | AN67: 40 | AR67: 35.819925 | AS67: 25.277778 | AT67: 21.538462 | AU67: 30.474227
A68: 550250001001004 | B68: 30997 | C68: 5016 | D68: 33.262726 | E68: 11 | F68: 2 | G68: 50 | N68: 2 | O68: 1 | P68: 40 | Q68: 7 | R68: 3 | S68: 70 | W68: 4 | X68: 2 | Y68: 60 | Z68: 5 | AB68: 0 | AF68: 69 | AG68: 19 | AH68: 77.272727 | AI68: 1 | AK68: 0 | AL68: 3 | AM68: 1 | AN68: 40 | AR68: 40.686841 | AS68: 32.5 | AT68: 32.307692 | AU68: 30.909091
A69: 550250001001005 | B69: 28006 | C69: 4419 | D69: 32.550756 | E69: 8 | F69: 2 | G69: 50 | N69: 2 | O69: 1 | P69: 40 | Q69: 6 | R69: 2 | S69: 60 | W69: 4 | Y69: 0 | Z69: 5 | AB69: 0 | AF69: 95 | AG69: 20 | AH69: 75.543478 | AI69: 1 | AK69: 0 | AL69: 2 | AM69: 1 | AN69: 40 | AR69: 37.83947 | AS69: 32.5 | AT69: 21.538462 | AU69: 30.217391
A70: 550250001001006 | B70: 30654 | C70: 5007 | D70: 33.530448 | E70: 11 | F70: 2 | G70: 50 | H70: 1 | J70: 0 | N70: 3 | O70: 1 | P70: 40 | Q70: 7 | R70: 1 | S70: 40 | W70: 4 | X70: 1 | Y70: 40 | Z70: 5 | AA70: 1 | AB70: 60 | AC70: 1 | AE70: 0 | AF70: 99 | AG70: 28 | AH70: 77.8125 | AI70: 3 | AK70: 0 | AL70: 4 | AM70: 1 | AN70: 40 | AR70: 39.694162 | AS70: 25.277778 | AT70: 38.75 | AU70: 31.125
A71: 550250001001007 | B71: 33141 | C71: 5951 | D71: 36.394017 | E71: 11 | F71: 2 | G71: 50 | H71: 1 | J71: 0 | N71: 3 | O71: 1 | P71: 40 | Q71: 8 | R71: 2 | S71: 60 | W71: 4 | X71: 1 | Y71: 40 | Z71: 5 | AA71: 1 | AB71: 60 | AC71: 1 | AE71: 0 | AF71: 105 | AG71: 28 | AH71: 77.352941 | AI71: 3 | AK71: 0 | AL71: 5 | AM71: 1 | AN71: 40 | AR71: 40.737826 | AS71: 25.277778 | AT71: 41.25 | AU71: 30.941176
A72: 550250001001008 | B72: 31513 | C72: 4482 | D72: 29.804768 | E72: 9 | F72: 2 | G72: 50 | H72: 1 | J72: 0 | N72: 2 | O72: 1 | P72: 40 | Q72: 7 | R72: 2 | S72: 60 | W72: 4 | X72: 1 | Y72: 40 | Z72: 5 | AA72: 1 | AB72: 60 | AF72: 98 | AG72: 21 | AH72: 75.684211 | AI72: 2 | AK72: 0 | AL72: 3 | AM72: 1 | AN72: 40 | AR72: 41.633616 | AS72: 25.277778 | AT72: 50.769231 | AU72: 30.273684
A73: 550250001001009 | B73: 26910 | C73: 4396 | D73: 33.534002 | E73: 8 | F73: 2 | G73: 50 | N73: 2 | O73: 1 | P73: 40 | Q73: 6 | R73: 2 | S73: 60 | W73: 4 | Y73: 0 | Z73: 5 | AB73: 0 | AF73: 68 | AG73: 19 | AH73: 77.384615 | AI73: 1 | AK73: 0 | AL73: 2 | AM73: 1 | AN73: 40 | AR73: 38.212927 | AS73: 32.5 | AT73: 21.538462 | AU73: 30.953846
A74: 550250001001010 | B74: 28595 | C74: 4724 | D74: 33.859478 | E74: 11 | F74: 2 | G74: 50 | N74: 1 | O74: 1 | P74: 100 | Q74: 6 | R74: 2 | S74: 60 | W74: 4 | Y74: 0 | Z74: 5 | AB74: 0 | AF74: 69 | AG74: 19 | AH74: 77.272727 | AI74: 1 | AK74: 0 | AL74: 3 | AM74: 1 | AN74: 40 | AR74: 42.602104 | AS74: 32.5 | AT74: 40 | AU74: 30.909091
A75: 550250001001011 | B75: 29534 | C75: 4654 | D75: 32.514311 | E75: 10 | F75: 2 | G75: 50 | H75: 1 | J75: 0 | N75: 2 | O75: 1 | P75: 40 | Q75: 7 | R75: 2 | S75: 60 | W75: 4 | X75: 1 | Y75: 40 | Z75: 5 | AA75: 1 | AB75: 60 | AF75: 68 | AG75: 20 | AH75: 77.846154 | AI75: 1 | AK75: 0 | AL75: 3 | AM75: 1 | AN75: 40 | AR75: 42.346552 | AS75: 25.277778 | AT75: 50.769231 | AU75: 31.138462
A76: 550250001001012 | B76: 28560 | C76: 4717 | D76: 33.851953 | E76: 12 | F76: 2 | G76: 50 | N76: 1 | O76: 1 | P76: 100 | Q76: 6 | R76: 2 | S76: 60 | W76: 4 | Y76: 0 | Z76: 4 | AB76: 0 | AF76: 68 | AG76: 19 | AH76: 77.384615 | AI76: 1 | AK76: 0 | AL76: 3 | AM76: 1 | AN76: 40 | AR76: 42.612927 | AS76: 32.5 | AT76: 40 | AU76: 30.953846
A77: 550250001001013 | B77: 32214 | C77: 4925 | D77: 31.685383 | E77: 13 | F77: 2 | G77: 50 | H77: 2 | J77: 0 | N77: 1 | O77: 1 | P77: 100 | Q77: 9 | R77: 3 | S77: 70 | W77: 4 | X77: 2 | Y77: 60 | Z77: 5 | AB77: 0 | AF77: 73 | AG77: 19 | AH77: 76.857143 | AI77: 1 | AK77: 0 | AL77: 3 | AM77: 1 | AN77: 40 | AR77: 42.092867 | AS77: 25.277778 | AT77: 50.769231 | AU77: 30.742857
A78: 550250001001014 | B78: 32148 | C78: 10244 | D78: 55.820165 | E78: 13 | F78: 7 | G78: 82 | H78: 2 | J78: 0 | N78: 1 | O78: 1 | P78: 100 | Q78: 9 | R78: 3 | S78: 70 | W78: 4 | X78: 2 | Y78: 60 | Z78: 5 | AA78: 1 | AB78: 60 | AF78: 69 | AG78: 35 | AH78: 84.545455 | AI78: 1 | AK78: 0 | AL78: 3 | AN78: 0 | AR78: 51.414126 | AS78: 41.455556 | AT78: 73.846154 | AU78: 33.818182
A79: 550250001001015 | B79: 31516 | C79: 11847 | D79: 63.453907 | E79: 11 | F79: 7 | G79: 85 | H79: 1 | J79: 0 | N79: 3 | O79: 1 | P79: 40 | Q79: 10 | R79: 6 | S79: 82.857143 | W79: 3 | X79: 2 | Y79: 60 | Z79: 3 | AA79: 1 | AB79: 60 | AF79: 66 | AG79: 37 | AH79: 86.190476 | AI79: 1 | AK79: 0 | AL79: 2 | AN79: 0 | AR79: 49.610447 | AS79: 42.972222 | AT79: 57.362637 | AU79: 34.47619
A80: 550250001001016 | B80: 25952 | C80: 4997 | D80: 38.684902 | E80: 11 | F80: 2 | G80: 50 | N80: 2 | O80: 1 | P80: 40 | Q80: 7 | R80: 3 | S80: 70 | W80: 3 | X80: 2 | Y80: 60 | Z80: 3 | AB80: 0 | AF80: 58 | AG80: 19 | AH80: 78.727273 | AI80: 1 | AK80: 0 | AL80: 2 | AN80: 0 | AR80: 34.742831 | AS80: 32.5 | AT80: 32.307692 | AU80: 31.490909
A81: 550250023021007 | B81: 13373 | C81: 122 | D81: 3.0409532 | E81: 5 | G81: 0 | T81: 1 | V81: 0 | AC81: 3 | AE81: 0 | AF81: 24 | AG81: 1 | AH81: 30 | AI81: 1 | AK81: 0 | AL81: 3 | AN81: 0 | AR81: 3.7945573 | AS81: 0 | AT81: 0 | AU81: 12
A82: 550250001001017 | B82: 28218 | C82: 5247 | D82: 37.519731 | E82: 12 | F82: 4 | G82: 73.333333 | N82: 2 | O82: 1 | P82: 40 | Q82: 7 | R82: 3 | S82: 70 | W82: 3 | X82: 2 | Y82: 60 | Z82: 3 | AA82: 1 | AB82: 60 | AF82: 61 | AG82: 19 | AH82: 78.275862 | AI82: 1 | AK82: 0 | AL82: 1 | AN82: 0 | AR82: 45.408251 | AS82: 47.666667 | AT82: 55.384615 | AU82: 31.310345
A83: 550250001001018 | B83: 29965 | C83: 4654 | D83: 32.114329 | E83: 10 | F83: 2 | G83: 50 | H83: 1 | J83: 0 | N83: 2 | O83: 1 | P83: 40 | Q83: 7 | R83: 2 | S83: 60 | W83: 4 | X83: 1 | Y83: 40 | Z83: 4 | AA83: 1 | AB83: 60 | AF83: 70 | AG83: 20 | AH83: 77.61194 | AI83: 1 | AK83: 0 | AL83: 3 | AM83: 1 | AN83: 40 | AR83: 42.250532 | AS83: 25.277778 | AT83: 50.769231 | AU83: 31.044776
A84: 550250001001019 | B84: 32370 | C84: 5315 | D84: 33.681513 | E84: 13 | F84: 2 | G84: 50 | H84: 2 | J84: 0 | N84: 2 | O84: 1 | P84: 40 | Q84: 10 | R84: 2 | S84: 60 | W84: 5 | X84: 1 | Y84: 40 | Z84: 5 | AA84: 1 | AB84: 60 | AF84: 82 | AG84: 22 | AH84: 77.21519 | AI84: 2 | AK84: 0 | AL84: 4 | AM84: 1 | AN84: 40 | AR84: 42.484008 | AS84: 25.277778 | AT84: 50.769231 | AU84: 30.886076
A85: 550250001001020 | B85: 30219 | C85: 6191 | D85: 40.649481 | E85: 10 | F85: 2 | G85: 50 | H85: 1 | J85: 0 | N85: 2 | O85: 1 | P85: 40 | Q85: 8 | R85: 2 | S85: 60 | W85: 4 | X85: 1 | Y85: 40 | Z85: 5 | AA85: 1 | AB85: 60 | AF85: 101 | AG85: 26 | AH85: 77.040816 | AI85: 3 | AK85: 0 | AL85: 4 | AM85: 1 | AN85: 40 | AR85: 43.694713 | AS85: 25.277778 | AT85: 50.769231 | AU85: 30.816327
A86: 550250001002006 | B86: 30871 | C86: 1171 | D86: 11.399772 | E86: 11 | G86: 0 | H86: 2 | J86: 0 | N86: 3 | P86: 0 | Q86: 10 | R86: 1 | S86: 40 | W86: 4 | Y86: 0 | Z86: 5 | AB86: 0 | AF86: 84 | AG86: 2 | AH86: 50 | AI86: 2 | AK86: 0 | AL86: 4 | AN86: 0 | AO86: 1 | AQ86: 0 | AR86: 7.5561196 | AS86: 0 | AT86: 6.1538462 | AU86: 20
A87: 550250001002000 | B87: 32183 | C87: 7655 | D87: 45.0478 | E87: 14 | F87: 3 | G87: 70 | H87: 1 | J87: 0 | N87: 4 | O87: 3 | P87: 70 | Q87: 8 | R87: 3 | S87: 70 | T87: 3 | V87: 0 | W87: 4 | X87: 1 | Y87: 40 | Z87: 4 | AA87: 2 | AB87: 80 | AC87: 1 | AD87: 1 | AE87: 100 | AF87: 104 | AG87: 64 | AH87: 88.118812 | AI87: 3 | AJ87: 2 | AK87: 60 | AL87: 5 | AM87: 3 | AN87: 70 | AR87: 60.872519 | AS87: 35.388889 | AT87: 60 | AU87: 50.247525
A88: 550250001002001 | B88: 31390 | C88: 7309 | D88: 44.379314 | E88: 11 | F88: 3 | G88: 70 | H88: 1 | J88: 0 | N88: 3 | O88: 1 | P88: 40 | Q88: 9 | R88: 3 | S88: 70 | W88: 4 | X88: 1 | Y88: 40 | Z88: 5 | AA88: 1 | AB88: 60 | AC88: 1 | AE88: 0 | AF88: 101 | AG88: 55 | AH88: 85.918367 | AI88: 3 | AJ88: 2 | AK88: 60 | AL88: 4 | AM88: 2 | AN88: 60 | AO88: 1 | AQ88: 0 | AR88: 46.438251 | AS88: 35.388889 | AT88: 42.5 | AU88: 49.367347
A89: 550250001002002 | B89: 34888 | C89: 6699 | D89: 38.590785 | E89: 11 | F89: 2 | G89: 50 | H89: 2 | J89: 0 | N89: 4 | O89: 1 | P89: 40 | Q89: 10 | R89: 3 | S89: 70 | W89: 5 | X89: 1 | Y89: 40 | Z89: 5 | AA89: 2 | AB89: 80 | AC89: 1 | AE89: 0 | AF89: 106 | AG89: 32 | AH89: 78.446602 | AI89: 3 | AJ89: 1 | AK89: 40 | AL89: 5 | AM89: 2 | AN89: 60 | AO89: 1 | AQ89: 0 | AR89: 41.865313 | AS89: 25.277778 | AT89: 48.75 | AU89: 41.378641
A90: 550250001002003 | B90: 30635 | C90: 1171 | D90: 11.451339 | E90: 11 | G90: 0 | H90: 2 | J90: 0 | N90: 4 | P90: 0 | Q90: 10 | R90: 1 | S90: 40 | W90: 4 | Y90: 0 | Z90: 4 | AB90: 0 | AC90: 1 | AE90: 0 | AF90: 86 | AG90: 2 | AH90: 50 | AI90: 2 | AK90: 0 | AL90: 5 | AN90: 0 | AO90: 1 | AQ90: 0 | AR90: 7.3330854 | AS90: 0 | AT90: 5 | AU90: 20
A91: 550250001002004 | B91: 36327 | C91: 1569 | D91: 12.327826 | E91: 13 | F91: 1 | G91: 30 | H91: 2 | J91: 0 | N91: 6 | P91: 0 | Q91: 14 | R91: 1 | S91: 40 | W91: 6 | Y91: 0 | Z91: 7 | AB91: 0 | AC91: 1 | AE91: 0 | AF91: 95 | AG91: 3 | AH91: 70 | AI91: 2 | AK91: 0 | AL91: 9 | AN91: 0 | AO91: 1 | AQ91: 0 | AR91: 13.977379 | AS91: 15.166667 | AT91: 5 | AU91: 28
A92: 550250001002005 | B92: 30405 | C92: 1171 | D92: 11.502365 | E92: 11 | G92: 0 | H92: 2 | J92: 0 | N92: 4 | P92: 0 | Q92: 12 | R92: 1 | S92: 40 | W92: 5 | Y92: 0 | Z92: 7 | AB92: 0 | AF92: 78 | AG92: 2 | AH92: 50 | AI92: 2 | AK92: 0 | AL92: 7 | AN92: 0 | AO92: 1 | AQ92: 0 | AR92: 7.5715086 | AS92: 0 | AT92: 6.1538462 | AU92: 20
A93: 550250001002007 | B93: 30789 | C93: 7910 | D93: 47.587991 | E93: 13 | F93: 3 | G93: 70 | H93: 1 | J93: 0 | N93: 4 | O93: 2 | P93: 60 | Q93: 9 | R93: 2 | S93: 60 | W93: 3 | X93: 1 | Y93: 40 | Z93: 3 | AA93: 2 | AB93: 80 | AC93: 1 | AD93: 1 | AE93: 100 | AF93: 103 | AG93: 64 | AH93: 88.3 | AI93: 3 | AJ93: 2 | AK93: 60 | AL93: 5 | AM93: 3 | AN93: 70 | AO93: 1 | AQ93: 0 | AR93: 54.389395 | AS93: 35.388889 | AT93: 71.25 | AU93: 50.32
A94: 550250001002008 | B94: 28399 | C94: 6285 | D94: 42.841415 | E94: 11 | F94: 3 | G94: 70 | H94: 1 | J94: 0 | N94: 3 | O94: 1 | P94: 40 | Q94: 8 | R94: 1 | S94: 40 | W94: 3 | X94: 1 | Y94: 40 | Z94: 3 | AA94: 1 | AB94: 60 | AC94: 1 | AE94: 0 | AF94: 95 | AG94: 51 | AH94: 85.652174 | AI94: 3 | AJ94: 1 | AK94: 40 | AL94: 4 | AM94: 1 | AN94: 40 | AR94: 48.563703 | AS94: 35.388889 | AT94: 38.75 | AU94: 44.26087
A95: 550250001002009 | B95: 29783 | C95: 6546 | D95: 42.638642 | E95: 14 | F95: 2 | G95: 50 | H95: 1 | J95: 0 | N95: 4 | O95: 1 | P95: 40 | Q95: 4 | R95: 2 | S95: 60 | T95: 3 | V95: 0 | W95: 3 | X95: 1 | Y95: 40 | Z95: 4 | AA95: 2 | AB95: 80 | AC95: 1 | AE95: 0 | AF95: 99 | AG95: 59 | AH95: 87.5 | AI95: 3 | AJ95: 2 | AK95: 60 | AL95: 6 | AM95: 2 | AN95: 60 | AO95: 1 | AQ95: 0 | AR95: 42.312036 | AS95: 25.277778 | AT95: 38 | AU95: 50
A96: 550250031003025 | B96: 12437 | C96: 2 | D96: 0.053603495 | E96: 4 | G96: 0 | N96: 2 | P96: 0 | Z96: 1 | AB96: 0 | AF96: 34 | AG96: 2 | AH96: 50 | AL96: 5 | AN96: 0 | AR96: 8.8329889 | AS96: 0 | AT96: 0 | AU96: 32.5
A97: 550250001002010 | B97: 32376 | C97: 9017 | D97: 50.467836 | E97: 14 | F97: 5 | G97: 75.454545 | H97: 1 | J97: 0 | N97: 5 | O97: 3 | P97: 70 | Q97: 8 | R97: 3 | S97: 70 | T97: 3 | U97: 3 | V97: 100 | W97: 4 | X97: 2 | Y97: 60 | Z97: 5 | AA97: 2 | AB97: 80 | AC97: 1 | AD97: 1 | AE97: 100 | AF97: 103 | AG97: 66 | AH97: 88.9 | AI97: 3 | AJ97: 2 | AK97: 60 | AL97: 7 | AM97: 3 | AN97: 70 | AO97: 1 | AQ97: 0 | AR97: 57.875241 | AS97: 38.146465 | AT97: 82 | AU97: 50.56
A98: 550250001002011 | B98: 31035 | C98: 6527 | D98: 41.374792 | E98: 14 | F98: 3 | G98: 70 | H98: 1 | J98: 0 | N98: 5 | O98: 2 | P98: 60 | Q98: 8 | R98: 2 | S98: 60 | T98: 3 | V98: 0 | W98: 4 | X98: 1 | Y98: 40 | Z98: 5 | AA98: 2 | AB98: 80 | AC98: 1 | AD98: 1 | AE98: 100 | AF98: 100 | AG98: 56 | AH98: 86.391753 | AI98: 3 | AJ98: 2 | AK98: 60 | AL98: 7 | AM98: 3 | AN98: 70 | AO98: 1 | AQ98: 0 | AR98: 50.431269 | AS98: 35.388889 | AT98: 57 | AU98: 49.556701
A99: 550250001002012 | B99: 28754 | C99: 6835 | D99: 45.027474 | E99: 14 | F99: 2 | G99: 50 | H99: 1 | J99: 0 | N99: 4 | O99: 2 | P99: 60 | Q99: 3 | R99: 2 | S99: 60 | T99: 3 | V99: 0 | W99: 3 | X99: 1 | Y99: 40 | Z99: 3 | AA99: 2 | AB99: 80 | AC99: 1 | AD99: 1 | AE99: 100 | AF99: 98 | AG99: 60 | AH99: 88 | AI99: 3 | AJ99: 2 | AK99: 60 | AL99: 5 | AM99: 3 | AN99: 70 | AO99: 1 | AQ99: 0 | AR99: 48.016514 | AS99: 25.277778 | AT99: 57 | AU99: 50.2
A100: 550250002022008 | B100: 31364 | C100: 306 | D100: 3.2521362 | E100: 7 | F100: 1 | G100: 30 | H100: 2 | I100: 1 | J100: 70 | N100: 7 | P100: 0 | Q100: 13 | R100: 2 | S100: 60 | W100: 5 | Y100: 0 | Z100: 12 | AB100: 0 | AF100: 60 | AG100: 1 | AH100: 30 | AI100: 1 | AJ100: 1 | AK100: 100 | AL100: 15 | AN100: 0 | AO100: 1 | AQ100: 0 | AR100: 18.650214 | AS100: 25.277778 | AT100: 9.2307692 | AU100: 37
...

Sheet pybna_raw
A1: blockid10 | B1: people_hs | C1: people_ls | D1: people_score | E1: schools_hs | F1: schools_ls | G1: schools_score | H1: colleges_hs | I1: colleges_ls | J1: colleges_score | K1: universities_hs | L1: universities_ls | M1: universities_score | N1: doctors_hs | O1: doctors_ls | P1: doctors_score | Q1: dentists_hs | R1: dentists_ls | S1: dentists_score | T1: hospitals_hs | U1: hospitals_ls | V1: hospitals_score | W1: pharmacies_hs | X1: pharmacies_ls | Y1: pharmacies_score | Z1: supermarkets_hs | AA1: supermarkets_ls | AB1: supermarkets_score | AC1: social_services_hs | AD1: social_services_ls | AE1: social_services_score | AF1: parks_hs | AG1: parks_ls | AH1: parks_score | AI1: community_centers_hs | AJ1: community_centers_ls | AK1: community_centers_score | AL1: retail_hs | AM1: retail_ls | AN1: retail_score | AO1: transit_hs | AP1: transit_ls | AQ1: transit_score | AR1: overall_score | AS1: opportunity_score | AT1: core_services_score | AU1: recreation_score
A2: 550250023021019
A3: 550250001001002 | B3: 17956 | C3: 3728 | D3: 41.015816 | E3: 9 | F3: 2 | G3: 50 | N3: 1 | O3: 1 | P3: 100 | Q3: 3 | R3: 2 | S3: 60 | W3: 2 | X3: 1 | Y3: 40 | Z3: 2 | AB3: 0 | AF3: 26 | AG3: 9 | AH3: 77.826087 | AL3: 1 | AM3: 1 | AN3: 100 | AR3: 61.243594 | AS3: 32.5 | AT3: 46.153846 | AU3: 50.586957
A4: 550250010001035
A5: 550250026032000 | B5: 3394 | C5: 0 | D5: 0 | E5: 1 | G5: 0 | AF5: 3 | AH5: 0 | AL5: 4 | AN5: 0 | AR5: 0 | AS5: 0 | AU5: 0
A6: 550250009024026
A7: 550250105021000 | B7: 7715 | C7: 39 | D7: 1.6850292 | E7: 1 | G7: 0 | AF7: 13 | AH7: 0 | AR7: 0.50550875 | AS7: 0 | AU7: 0
A8: 550250023021017
A9: 550250010001038
A10: 550250105011018 | B10: 9288 | C10: 737 | D10: 18.70877 | E10: 3 | G10: 0 | Z10: 1 | AB10: 0 | AF10: 18 | AG10: 1 | AH10: 30 | AR10: 10.437594 | AS10: 0 | AT10: 0 | AU10: 19.5
A11: 550250112003007
A12: 550250114021057 | B12: 2305 | C12: 562 | D12: 45.842372 | E12: 1 | G12: 0 | AF12: 1 | AH12: 0 | AL12: 1 | AN12: 0 | AR12: 10.579009 | AS12: 0 | AU12: 0
A13: 550250109031058 | B13: 3902 | C13: 0 | D13: 0 | E13: 1 | G13: 0 | AC13: 1 | AE13: 0 | AF13: 6 | AH13: 0 | AR13: 0 | AS13: 0 | AT13: 0 | AU13: 0
A14: 550250109011053 | B14: 7200 | C14: 951 | D14: 28.014706 | Q14: 1 | S14: 0 | AF14: 6 | AG14: 2 | AH14: 50 | AR14: 23.404412 | AT14: 0 | AU14: 32.5
A15: 550250117002054 | B15: 1685 | C15: 782 | D15: 75.212661 | E15: 1 | G15: 0 | AR15: 32.233997 | AS15: 0
A16: 550250023021016 | B16: 8212 | C16: 713 | D16: 20.027793 | E16: 2 | G16: 0 | AC16: 1 | AE16: 0 | AF16: 5 | AG16: 1 | AH16: 30 | AR16: 10.720241 | AS16: 0 | AT16: 0 | AU16: 19.5
A17: 550250114021047 | B17: 4628 | C17: 19 | D17: 1.3684817 | E17: 1 | G17: 0 | AF17: 4 | AH17: 0 | AL17: 2 | AN17: 0 | AR17: 0.31580347 | AS17: 0 | AU17: 0
A18: 550250114022015 | B18: 1217 | C18: 0 | D18: 0 | AF18: 1 | AH18: 0 | AL18: 1 | AN18: 0 | AR18: 0 | AU18: 0
A19: 550250109031049 | B19: 3546 | C19: 0 | D19: 0 | E19: 1 | G19: 0 | AF19: 4 | AH19: 0 | AR19: 0 | AS19: 0 | AU19: 0
A20: 550250002042015
A21: 550250023021036
A22: 550250114013093 | B22: 149 | C22: 0 | D22: 0 | AR22: 0
A23: 550250026032010
A24: 550250114013083
A25: 550250026032050
A26: 550250109011043 | B26: 5269 | C26: 3365 | D26: 85.545644 | N26: 1 | O26: 1 | P26: 100 | W26: 1 | Y26: 0 | AF26: 4 | AG26: 3 | AH26: 70 | AR26: 73.33036 | AT26: 66.666667 | AU26: 45.5
A27: 550250010001010
A28: 550250114011054 | B28: 10423 | C28: 0 | D28: 0 | E28: 1 | G28: 0 | Q28: 3 | S28: 0 | Z28: 1 | AB28: 0 | AF28: 7 | AH28: 0 | AR28: 0 | AS28: 0 | AT28: 0 | AU28: 0
A29: 550250114022026
A30: 550250114023091 | B30: 1823 | C30: 343 | D30: 37.90907 | AF30: 2 | AH30: 0 | AR30: 18.954535 | AU30: 0
A31: 550250114013117 | B31: 724 | C31: 48 | D31: 16.40559 | E31: 1 | G31: 0 | AR31: 7.0309671 | AS31: 0
A32: 550250026032048
A33: 550250026032001 | B33: 2072 | C33: 0 | D33: 0 | AF33: 1 | AH33: 0 | AL33: 2 | AN33: 0 | AR33: 0 | AU33: 0
A34: 550250010001008
A35: 550250114012001 | B35: 780 | C35: 0 | D35: 0 | AF35: 2 | AH35: 0 | AR35: 0 | AU35: 0
A36: 550250005043026 | B36: 17772 | C36: 4837 | D36: 49.622627 | E36: 2 | G36: 0 | W36: 1 | Y36: 0 | Z36: 1 | AB36: 0 | AC36: 2 | AD36: 1 | AE36: 70 | AF36: 20 | AG36: 5 | AH36: 73.529412 | AL36: 1 | AN36: 0 | AR36: 26.673889 | AS36: 0 | AT36: 21 | AU36: 47.794118
A37: 550250032001018 | B37: 978 | C37: 978 | D37: 100 | AF37: 3 | AG37: 3 | AH37: 100 | AR37: 100 | AU37: 65
A38: 550250002042017
A39: 550250109031010 | B39: 4345 | C39: 1463 | D39: 58.227848 | E39: 1 | G39: 0 | AF39: 8 | AG39: 1 | AH39: 30 | AR39: 26.468354 | AS39: 0 | AU39: 19.5
A40: 550250112004016 | B40: 1057 | C40: 33 | D40: 10.215371 | AF40: 1 | AH40: 0 | AR40: 5.1076855 | AU40: 0
A41: 550250109031072 | B41: 5247 | C41: 670 | D41: 27.239767 | E41: 1 | G41: 0 | AF41: 6 | AH41: 0 | AR41: 8.1719302 | AS41: 0 | AU41: 0
A42: 550250109031005 | B42: 3546 | C42: 1663 | D42: 75.863884 | E42: 1 | F42: 1 | G42: 100 | AF42: 7 | AG42: 4 | AH42: 77.5 | AR42: 86.009165 | AS42: 65 | AU42: 50.375
A43: 550250026032025
A44: 550250004061063
A45: 550250109011127
A46: 550250114022020
A47: 550250002053000 | B47: 7395 | C47: 0 | D47: 0 | E47: 5 | G47: 0 | N47: 3 | P47: 0 | Q47: 1 | S47: 0 | AF47: 14 | AH47: 0 | AL47: 13 | AN47: 0 | AR47: 0 | AS47: 0 | AT47: 0 | AU47: 0
A48: 550250004061045 | B48: 15295 | C48: 3491 | D48: 43.765937 | Q48: 1 | S48: 0 | W48: 1 | Y48: 0 | Z48: 6 | AB48: 0 | AC48: 1 | AE48: 0 | AF48: 9 | AG48: 1 | AH48: 30 | AL48: 18 | AN48: 0 | AR48: 17.022908 | AT48: 0 | AU48: 19.5
A49: 550250004082007 | B49: 20392 | C49: 0 | D49: 0 | E49: 5 | G49: 0 | H49: 2 | J49: 0 | N49: 5 | P49: 0 | Q49: 11 | S49: 0 | W49: 3 | Y49: 0 | Z49: 10 | AB49: 0 | AF49: 23 | AH49: 0 | AL49: 44 | AM49: 1 | AN49: 40 | AO49: 1 | AQ49: 0 | AR49: 6 | AS49: 0 | AT49: 0 | AU49: 0
A50: 550250007003005 | B50: 21691 | C50: 8854 | D50: 67.758364 | E50: 7 | F50: 2 | G50: 50 | K50: 1 | M50: 0 | Q50: 1 | R50: 1 | S50: 100 | Z50: 1 | AB50: 0 | AC50: 2 | AE50: 0 | AF50: 26 | AG50: 12 | AH50: 81.73913 | AL50: 2 | AM50: 2 | AN50: 100 | AR50: 56.221483 | AS50: 20.681818 | AT50: 20 | AU50: 53.130435
A51: 550250020001004 | B51: 20657 | C51: 0 | D51: 0 | E51: 9 | G51: 0 | H51: 2 | J51: 0 | K51: 1 | M51: 0 | N51: 2 | P51: 0 | W51: 1 | Y51: 0 | Z51: 6 | AB51: 0 | AC51: 2 | AE51: 0 | AF51: 28 | AH51: 0 | AL51: 13 | AN51: 0 | AO51: 1 | AQ51: 0 | AR51: 0 | AS51: 0 | AT51: 0 | AU51: 0
A52: 550250112004019 | B52: 725 | C52: 25 | D52: 10.791075 | AR52: 10.791075
A53: 550250109011086 | B53: 11154 | C53: 1672 | D53: 31.159067 | N53: 3 | O53: 1 | P53: 40 | Q53: 4 | R53: 1 | S53: 40 | W53: 2 | X53: 1 | Y53: 40 | Z53: 2 | AB53: 0 | AF53: 10 | AG53: 1 | AH53: 30 | AL53: 13 | AM53: 1 | AN53: 40 | AR53: 30.918365 | AT53: 24.615385 | AU53: 19.5
A54: 550250026031028
A55: 550250114021012
A56: 550250114011059 | B56: 7363 | C56: 2 | D56: 0.090542804 | Q56: 3 | S56: 0 | Z56: 1 | AB56: 0 | AF56: 6 | AH56: 0 | AR56: 0.027162841 | AT56: 0 | AU56: 0
A57: 550250112004086
A58: 550250015022042
A59: 550250014023032
A60: 550250001001011 | B60: 17397 | C60: 3705 | D60: 41.729034 | E60: 5 | F60: 2 | G60: 50 | N60: 1 | O60: 1 | P60: 100 | Q60: 3 | R60: 2 | S60: 60 | W60: 4 | X60: 1 | Y60: 40 | Z60: 4 | AA60: 1 | AB60: 60 | AF60: 26 | AG60: 9 | AH60: 77.826087 | AL60: 10 | AM60: 3 | AN60: 70 | AR60: 61.505202 | AS60: 32.5 | AT60: 69.230769 | AU60: 50.586957
A61: 550250002043002 | B61: 18265 | C61: 5008 | D61: 49.891413 | E61: 2 | G61: 0 | H61: 2 | J61: 0 | N61: 5 | O61: 1 | P61: 40 | Q61: 11 | S61: 0 | W61: 4 | Y61: 0 | Z61: 9 | AB61: 0 | AF61: 15 | AG61: 8 | AH61: 82.5 | AL61: 40 | AM61: 2 | AN61: 60 | AR61: 36.847354 | AS61: 0 | AT61: 12.307692 | AU61: 53.625
A62: 550250005044002 | B62: 20597 | C62: 2743 | D62: 28.207306 | E62: 3 | G62: 0 | AC62: 1 | AD62: 1 | AE62: 100 | AF62: 21 | AG62: 4 | AH62: 71.666667 | AL62: 1 | AN62: 0 | AR62: 41.15423 | AS62: 0 | AT62: 100 | AU62: 46.583333
A63: 550250114021106 | B63: 9905 | C63: 1 | D63: 0.033653037 | E63: 1 | G63: 0 | AC63: 2 | AE63: 0 | AF63: 11 | AH63: 0 | AR63: 0.0072113651 | AS63: 0 | AT63: 0 | AU63: 0
A64: 550250019005017 | B64: 27423 | C64: 4998 | D64: 36.868665 | E64: 9 | F64: 1 | G64: 30 | H64: 1 | J64: 0 | K64: 1 | M64: 0 | N64: 1 | P64: 0 | W64: 1 | Y64: 0 | Z64: 4 | AA64: 1 | AB64: 60 | AC64: 4 | AE64: 0 | AF64: 26 | AG64: 4 | AH64: 71.304348 | AL64: 9 | AM64: 3 | AN64: 70 | AR64: 40.285218 | AS64: 10.5 | AT64: 21.428571 | AU64: 46.347826
A65: 550250020003030 | B65: 25123 | C65: 12305 | D65: 78.638698 | E65: 10 | F65: 5 | G65: 78.571429 | H65: 1 | J65: 0 | K65: 1 | M65: 0 | N65: 1 | O65: 1 | P65: 100 | W65: 2 | Y65: 0 | Z65: 4 | AA65: 2 | AB65: 80 | AC65: 4 | AD65: 3 | AE65: 90 | AF65: 25 | AG65: 11 | AH65: 80.909091 | AL65: 9 | AM65: 5 | AN65: 80 | AR65: 70.211084 | AS65: 27.5 | AT65: 76.428571 | AU65: 52.590909
A66: 550250022001001 | B66: 11809 | C66: 0 | D66: 0 | E66: 6 | G66: 0 | H66: 2 | J66: 0 | K66: 1 | M66: 0 | W66: 1 | Y66: 0 | Z66: 2 | AB66: 0 | AC66: 3 | AE66: 0 | AF66: 13 | AH66: 0 | AL66: 8 | AN66: 0 | AO66: 1 | AQ66: 0 | AR66: 0 | AS66: 0 | AT66: 0 | AU66: 0
A67: 550250010001015
A68: 550250001001001 | B68: 14279 | C68: 3506 | D68: 46.071387 | E68: 5 | F68: 2 | G68: 50 | N68: 1 | O68: 1 | P68: 100 | Q68: 3 | R68: 2 | S68: 60 | W68: 3 | Y68: 0 | Z68: 2 | AB68: 0 | AF68: 24 | AG68: 9 | AH68: 78.571429 | AL68: 4 | AM68: 3 | AN68: 70 | AR68: 55.525203 | AS68: 32.5 | AT68: 40 | AU68: 51.071429
A69: 550250023021011 | B69: 10689 | C69: 2747 | D69: 47.599089 | E69: 3 | G69: 0 | W69: 1 | Y69: 0 | Z69: 1 | AB69: 0 | AC69: 1 | AE69: 0 | AF69: 10 | AG69: 6 | AH69: 82.857143 | AL69: 2 | AN69: 0 | AR69: 23.021688 | AS69: 0 | AT69: 0 | AU69: 53.857143
A70: 550250025001073 | B70: 7086 | C70: 9 | D70: 0.42337003 | E70: 3 | G70: 0 | H70: 1 | J70: 0 | K70: 1 | M70: 0 | N70: 1 | P70: 0 | Z70: 3 | AB70: 0 | AF70: 13 | AH70: 0 | AL70: 3 | AN70: 0 | AR70: 0.074712357 | AS70: 0 | AT70: 0 | AU70: 0
A71: 550250114013112
A72: 550250114023214 | B72: 1885 | C72: 0 | D72: 0 | AF72: 2 | AH72: 0 | AR72: 0 | AU72: 0
A73: 550250001001003 | B73: 14319 | C73: 4420 | D73: 54.49077 | E73: 5 | F73: 2 | G73: 50 | N73: 1 | O73: 1 | P73: 100 | Q73: 3 | R73: 2 | S73: 60 | W73: 2 | Y73: 0 | Z73: 2 | AB73: 0 | AF73: 24 | AG73: 12 | AH73: 82.857143 | AL73: 9 | AM73: 3 | AN73: 70 | AR73: 57.767279 | AS73: 32.5 | AT73: 40 | AU73: 53.857143
A74: 550250001001004 | B74: 19458 | C74: 3747 | D74: 38.688578 | E74: 9 | F74: 2 | G74: 50 | N74: 1 | O74: 1 | P74: 100 | Q74: 3 | R74: 2 | S74: 60 | W74: 3 | X74: 1 | Y74: 40 | Z74: 2 | AB74: 0 | AF74: 26 | AG74: 9 | AH74: 77.826087 | AL74: 4 | AM74: 3 | AN74: 70 | AR74: 55.538787 | AS74: 32.5 | AT74: 46.153846 | AU74: 50.586957
A75: 550250001001006 | B75: 14612 | C75: 4384 | D75: 53.336983 | E75: 4 | F75: 2 | G75: 50 | N75: 1 | O75: 1 | P75: 100 | Q75: 2 | R75: 1 | S75: 40 | W75: 3 | X75: 1 | Y75: 40 | Z75: 2 | AA75: 1 | AB75: 60 | AF75: 25 | AG75: 12 | AH75: 82.272727 | AL75: 8 | AM75: 2 | AN75: 60 | AR75: 61.849677 | AS75: 32.5 | AT75: 66.153846 | AU75: 53.477273
A76: 550250001001007 | B76: 17807 | C76: 4951 | D76: 50.404897 | E76: 5 | F76: 2 | G76: 50 | N76: 1 | O76: 1 | P76: 100 | Q76: 3 | R76: 2 | S76: 60 | W76: 4 | X76: 1 | Y76: 40 | Z76: 4 | AA76: 1 | AB76: 60 | AF76: 28 | AG76: 12 | AH76: 80.8 | AL76: 9 | AM76: 3 | AN76: 70 | AR76: 63.561045 | AS76: 32.5 | AT76: 69.230769 | AU76: 52.52
A77: 550250001001009 | B77: 14719 | C77: 3506 | D77: 45.092737 | E77: 5 | F77: 2 | G77: 50 | N77: 1 | O77: 1 | P77: 100 | Q77: 3 | R77: 2 | S77: 60 | W77: 3 | Y77: 0 | Z77: 2 | AB77: 0 | AF77: 24 | AG77: 9 | AH77: 78.571429 | AL77: 7 | AM77: 3 | AN77: 70 | AR77: 55.3525 | AS77: 32.5 | AT77: 40 | AU77: 51.071429
A78: 550250001001012 | B78: 17183 | C78: 3768 | D78: 42.571534 | E78: 5 | F78: 2 | G78: 50 | N78: 1 | O78: 1 | P78: 100 | Q78: 3 | R78: 2 | S78: 60 | W78: 3 | Y78: 0 | Z78: 3 | AB78: 0 | AF78: 26 | AG78: 9 | AH78: 77.826087 | AL78: 9 | AM78: 3 | AN78: 70 | AR78: 54.776051 | AS78: 32.5 | AT78: 40 | AU78: 50.586957
A79: 550250001001013 | B79: 19664 | C79: 3851 | D79: 39.265902 | E79: 9 | F79: 2 | G79: 50 | N79: 1 | O79: 1 | P79: 100 | Q79: 3 | R79: 2 | S79: 60 | W79: 3 | X79: 1 | Y79: 40 | Z79: 3 | AB79: 0 | AF79: 28 | AG79: 9 | AH79: 77.2 | AL79: 10 | AM79: 3 | AN79: 70 | AR79: 55.530182 | AS79: 32.5 | AT79: 46.153846 | AU79: 50.18
A80: 550250001001015 | B80: 22084 | C80: 9858 | D80: 72.851537 | E80: 9 | F80: 6 | G80: 85 | N80: 1 | O80: 1 | P80: 100 | Q80: 7 | R80: 5 | S80: 85 | W80: 2 | Y80: 0 | Z80: 3 | AA80: 1 | AB80: 60 | AF80: 33 | AG80: 22 | AH80: 89 | AL80: 3 | AM80: 1 | AN80: 40 | AR80: 71.367466 | AS80: 55.25 | AT80: 66.923077 | AU80: 57.85
A81: 550250001001020 | B81: 16823 | C81: 4559 | D81: 49.466405 | E81: 5 | F81: 2 | G81: 50 | N81: 1 | O81: 1 | P81: 100 | Q81: 3 | R81: 2 | S81: 60 | W81: 3 | X81: 1 | Y81: 40 | Z81: 5 | AA81: 1 | AB81: 60 | AF81: 27 | AG81: 12 | AH81: 81.25 | AL81: 10 | AM81: 3 | AN81: 70 | AR81: 63.474841 | AS81: 32.5 | AT81: 69.230769 | AU81: 52.8125
A82: 550250001002013 | B82: 16922 | C82: 6329 | D82: 63.201355 | E82: 6 | F82: 3 | G82: 70 | N82: 1 | O82: 1 | P82: 100 | Q82: 2 | R82: 2 | S82: 100 | W82: 2 | X82: 1 | Y82: 40 | Z82: 3 | AA82: 2 | AB82: 80 | AF82: 49 | AG82: 41 | AH82: 94.782609 | AL82: 10 | AM82: 4 | AN82: 74.285714 | AR82: 77.006866 | AS82: 45.5 | AT82: 83.076923 | AU82: 61.608696
A83: 550250112003008
A84: 550250001002000 | B84: 18079 | C84: 7126 | D84: 65.887863 | E84: 6 | F84: 3 | G84: 70 | N84: 3 | O84: 3 | P84: 100 | Q84: 4 | R84: 3 | S84: 70 | W84: 3 | X84: 1 | Y84: 40 | Z84: 3 | AA84: 2 | AB84: 80 | AC84: 1 | AD84: 1 | AE84: 100 | AF84: 51 | AG84: 41 | AH84: 93.75 | AL84: 11 | AM84: 5 | AN84: 77.5 | AR84: 77.730211 | AS84: 45.5 | AT84: 82.5 | AU84: 60.9375
A85: 550250001002002 | B85: 18289 | C85: 5699 | D85: 54.881076 | E85: 6 | F85: 2 | G85: 50 | N85: 1 | O85: 1 | P85: 100 | Q85: 4 | R85: 3 | S85: 70 | W85: 3 | X85: 1 | Y85: 40 | Z85: 5 | AA85: 2 | AB85: 80 | AF85: 28 | AG85: 12 | AH85: 80.8 | AL85: 12 | AM85: 5 | AN85: 76.666667 | AR85: 67.699375 | AS85: 32.5 | AT85: 78.461538 | AU85: 52.52
A86: 550250001002003 | B86: 12422 | C86: 1171 | D86: 21.341453 | E86: 3 | G86: 0 | N86: 1 | P86: 0 | Q86: 1 | R86: 1 | S86: 100 | W86: 2 | Y86: 0 | Z86: 2 | AB86: 0 | AF86: 15 | AG86: 1 | AH86: 30 | AL86: 8 | AN86: 0 | AR86: 12.680166 | AS86: 0 | AT86: 15.384615 | AU86: 19.5
A87: 550250114011062 | B87: 9303 | C87: 2188 | D87: 44.692393 | E87: 1 | G87: 0 | Q87: 3 | S87: 0 | Z87: 1 | AB87: 0 | AF87: 7 | AG87: 2 | AH87: 50 | AR87: 20.291227 | AS87: 0 | AT87: 0 | AU87: 32.5
A88: 550250001002005 | B88: 12906 | C88: 1171 | D88: 20.717587 | E88: 4 | G88: 0 | N88: 1 | P88: 0 | Q88: 1 | R88: 1 | S88: 100 | W88: 2 | Y88: 0 | Z88: 2 | AB88: 0 | AF88: 17 | AG88: 1 | AH88: 30 | AL88: 8 | AN88: 0 | AR88: 12.570072 | AS88: 0 | AT88: 15.384615 | AU88: 19.5
A89: 550250001002009 | B89: 16795 | C89: 6158 | D89: 62.220899 | E89: 5 | F89: 2 | G89: 50 | N89: 1 | O89: 1 | P89: 100 | Q89: 2 | R89: 2 | S89: 100 | W89: 2 | X89: 1 | Y89: 40 | Z89: 3 | AA89: 2 | AB89: 80 | AF89: 44 | AG89: 36 | AH89: 94.146341 | AL89: 12 | AM89: 4 | AN89: 73.333333 | AR89: 71.847613 | AS89: 32.5 | AT89: 83.076923 | AU89: 61.195122
A90: 550250001002011 | B90: 18359 | C90: 6139 | D90: 57.918187 | E90: 6 | F90: 3 | G90: 70 | H90: 1 | J90: 0 | N90: 2 | O90: 2 | P90: 100 | Q90: 2 | R90: 2 | S90: 100 | W90: 2 | X90: 1 | Y90: 40 | Z90: 3 | AA90: 2 | AB90: 80 | AC90: 1 | AD90: 1 | AE90: 100 | AF90: 42 | AG90: 34 | AH90: 93.846154 | AL90: 12 | AM90: 4 | AN90: 73.333333 | AR90: 72.827694 | AS90: 35.388889 | AT90: 86.25 | AU90: 61
A91: 550250004061027 | B91: 9580 | C91: 482 | D91: 13.584674 | E91: 1 | G91: 0 | N91: 1 | P91: 0 | Q91: 2 | S91: 0 | W91: 2 | Y91: 0 | Z91: 3 | AA91: 1 | AB91: 60 | AF91: 11 | AH91: 0 | AL91: 19 | AM91: 3 | AN91: 70 | AR91: 20.180101 | AS91: 0 | AT91: 23.076923 | AU91: 0
A92: 550250001002015 | B92: 11834 | C92: 1171 | D92: 22.16803 | E92: 3 | G92: 0 | N92: 1 | P92: 0 | Q92: 1 | R92: 1 | S92: 100 | W92: 2 | Y92: 0 | Z92: 3 | AB92: 0 | AF92: 11 | AG92: 1 | AH92: 30 | AL92: 9 | AN92: 0 | AR92: 12.826032 | AS92: 0 | AT92: 15.384615 | AU92: 19.5
A93: 550250001002017 | B93: 20685 | C93: 5538 | D93: 49.030699 | E93: 8 | F93: 3 | G93: 70 | H93: 1 | J93: 0 | N93: 3 | O93: 2 | P93: 60 | Q93: 4 | R93: 3 | S93: 70 | W93: 3 | X93: 1 | Y93: 40 | Z93: 5 | AA93: 2 | AB93: 80 | AC93: 1 | AD93: 1 | AE93: 100 | AF93: 26 | AG93: 16 | AH93: 86.956522 | AL93: 19 | AM93: 5 | AN93: 73.75 | AO93: 1 | AQ93: 0 | AR93: 56.849472 | AS93: 35.388889 | AT93: 72.5 | AU93: 56.521739
A94: 550250001002018 | B94: 20254 | C94: 0 | D94: 0 | E94: 8 | G94: 0 | H94: 1 | J94: 0 | N94: 3 | P94: 0 | Q94: 4 | S94: 0 | W94: 3 | Y94: 0 | Z94: 5 | AB94: 0 | AC94: 1 | AE94: 0 | AF94: 22 | AH94: 0 | AL94: 19 | AN94: 0 | AO94: 1 | AQ94: 0 | AR94: 0 | AS94: 0 | AT94: 0 | AU94: 0
A95: 550250002011000 | B95: 22907 | C95: 2458 | D95: 23.641784 | E95: 9 | G95: 0 | H95: 1 | J95: 0 | N95: 3 | P95: 0 | Q95: 7 | R95: 1 | S95: 40 | W95: 3 | Y95: 0 | Z95: 5 | AB95: 0 | AC95: 1 | AE95: 0 | AF95: 23 | AG95: 4 | AH95: 71.5 | AL95: 19 | AN95: 0 | AO95: 1 | AQ95: 0 | AR95: 15.271268 | AS95: 0 | AT95: 5 | AU95: 46.475
A96: 550250002011001 | B96: 24480 | C96: 1800 | D96: 17.681661 | E96: 11 | G96: 0 | H96: 1 | J96: 0 | N96: 4 | P96: 0 | Q96: 7 | S96: 0 | W96: 3 | Y96: 0 | Z96: 5 | AB96: 0 | AC96: 1 | AE96: 0 | AF96: 28 | AG96: 2 | AH96: 50 | AL96: 22 | AN96: 0 | AO96: 1 | AQ96: 0 | AR96: 10.152249 | AS96: 0 | AT96: 0 | AU96: 32.5
A97: 550250002011002 | B97: 21685 | C97: 2432 | D97: 24.497281 | E97: 9 | G97: 0 | H97: 1 | J97: 0 | N97: 3 | P97: 0 | Q97: 8 | S97: 0 | W97: 3 | Y97: 0 | Z97: 5 | AB97: 0 | AC97: 1 | AE97: 0 | AF97: 22 | AG97: 4 | AH97: 71.578947 | AL97: 19 | AN97: 0 | AO97: 1 | AQ97: 0 | AR97: 14.411434 | AS97: 0 | AT97: 0 | AU97: 46.526316
A98: 550250114011071 | B98: 6144 | C98: 2343 | D98: 64.179688 | Q98: 3 | S98: 0 | Z98: 1 | AB98: 0 | AF98: 6 | AG98: 2 | AH98: 50 | AR98: 34.253906 | AT98: 0 | AU98: 32.5
A99: 550250004061041 | B99: 16462 | C99: 2832 | D99: 35.064569 | Q99: 1 | S99: 0 | W99: 1 | Y99: 0 | Z99: 7 | AB99: 0 | AC99: 1 | AE99: 0 | AF99: 10 | AG99: 1 | AH99: 30 | AL99: 23 | AN99: 0 | AR99: 15.014901 | AT99: 0 | AU99: 19.5
A100: 550250002011003 | B100: 20030 | C100: 2330 | D100: 25.233914 | E100: 8 | G100: 0 | H100: 1 | J100: 0 | N100: 2 | P100: 0 | Q100: 7 | S100: 0 | W100: 3 | Y100: 0 | Z100: 5 | AB100: 0 | AF100: 20 | AG100: 4 | AH100: 71.764706 | AL100: 20 | AN100: 0 | AO100: 1 | AQ100: 0 | AR100: 14.549793 | AS100: 0 | AT100: 0 | AU100: 46.647059
...
